-- MySQL dump 10.13  Distrib 5.5.54, for debian-linux-gnu (x86_64)
--
-- Host: localhost    Database: glasses
-- ------------------------------------------------------
-- Server version	5.5.54-0ubuntu0.14.04.1

/*!40101 SET @OLD_CHARACTER_SET_CLIENT=@@CHARACTER_SET_CLIENT */;
/*!40101 SET @OLD_CHARACTER_SET_RESULTS=@@CHARACTER_SET_RESULTS */;
/*!40101 SET @OLD_COLLATION_CONNECTION=@@COLLATION_CONNECTION */;
/*!40101 SET NAMES utf8 */;
/*!40103 SET @OLD_TIME_ZONE=@@TIME_ZONE */;
/*!40103 SET TIME_ZONE='+00:00' */;
/*!40014 SET @OLD_UNIQUE_CHECKS=@@UNIQUE_CHECKS, UNIQUE_CHECKS=0 */;
/*!40014 SET @OLD_FOREIGN_KEY_CHECKS=@@FOREIGN_KEY_CHECKS, FOREIGN_KEY_CHECKS=0 */;
/*!40101 SET @OLD_SQL_MODE=@@SQL_MODE, SQL_MODE='NO_AUTO_VALUE_ON_ZERO' */;
/*!40111 SET @OLD_SQL_NOTES=@@SQL_NOTES, SQL_NOTES=0 */;

--
-- Table structure for table `alert_detail`
--

DROP TABLE IF EXISTS `alert_detail`;
/*!40101 SET @saved_cs_client     = @@character_set_client */;
/*!40101 SET character_set_client = utf8 */;
CREATE TABLE `alert_detail` (
  `alert_detail_id` int(11) NOT NULL AUTO_INCREMENT,
  `user_id` int(11) DEFAULT NULL,
  `alert_datetime` varchar(55) DEFAULT NULL,
  `filePath` text NOT NULL,
  `fileType` varchar(10) NOT NULL,
  `video` text,
  `image` text,
  `audio` text,
  `events` int(11) DEFAULT NULL,
  `user_code` int(11) DEFAULT NULL,
  `status` int(11) DEFAULT NULL,
  `client_id` int(11) DEFAULT NULL,
  `user_name` varchar(55) DEFAULT NULL,
  `lat` float(10,8) DEFAULT NULL,
  `lng` float(100,8) DEFAULT NULL,
  `alert_type` varchar(30) NOT NULL DEFAULT '',
  `location_now` text,
  `alert_battery_level` varchar(45) DEFAULT NULL,
  `alert_speed` varchar(45) DEFAULT NULL,
  `alert_gps_files` varchar(45) DEFAULT NULL,
  `alert_media_files` varchar(45) DEFAULT NULL,
  `direction` varchar(55) DEFAULT NULL,
  `elevation` varchar(55) DEFAULT NULL,
  `course` varchar(255) DEFAULT NULL,
  `level` varchar(10) DEFAULT NULL,
  `ip_address` text,
  `accelerometer` text,
  `device_token` text,
  `accel` varchar(150) DEFAULT NULL,
  `multiple_location_key` varchar(150) DEFAULT NULL,
  `floor` varchar(10) DEFAULT '',
  `distance` varchar(20) DEFAULT NULL,
  `distanceType` varchar(150) DEFAULT NULL,
  PRIMARY KEY (`alert_detail_id`)
) ENGINE=MyISAM AUTO_INCREMENT=2835 DEFAULT CHARSET=latin1;
/*!40101 SET character_set_client = @saved_cs_client */;

--
-- Dumping data for table `alert_detail`
--

LOCK TABLES `alert_detail` WRITE;
/*!40000 ALTER TABLE `alert_detail` DISABLE KEYS */;
INSERT INTO `alert_detail` VALUES (1111,306,'2017-08-17 15:13','882826-2.flv','video',NULL,NULL,NULL,2,882826,0,304,'Transport 1',14.30852985,121.12227631,'','  Santa Rosa, Laguna Caingin','76','0',NULL,NULL,'North East','39','0','',NULL,NULL,NULL,'','LnNSqpD6IeMu08f9K50e','','','miles'),(1113,305,'2017-08-17 15:18','293551-2.flv','video',NULL,NULL,NULL,2,293551,1,304,'Agent 1',14.30860424,121.12233734,'','  Santa Rosa, Laguna Caingin','73','0',NULL,NULL,'North East','38','0','',NULL,NULL,NULL,'','eOnqqzbOkMUpHrHSSYwY','','','meters'),(1112,305,'2017-08-17 15:17','293551-1.flv','video',NULL,NULL,NULL,1,293551,1,304,'Agent 1',14.30859661,121.12239075,'','  Santa Rosa, Laguna Caingin','74','0',NULL,NULL,'North East','33','0','',NULL,NULL,NULL,'','kmIqRn0wsa1MfcTVasei','','','meters'),(1528,331,'2017-11-29 18:28','668323-5.flv','video',NULL,NULL,NULL,5,668323,0,128,'LWWT Transport 1',38.93190765,-76.56705475,'','3168 Braverton St Edgewater, MD ','81','1',NULL,NULL,'South West','36','283.7','',NULL,NULL,NULL,'','fW7EA1ifMirIsWIIweqZ','','','miles'),(1527,331,'2017-11-29 18:17','668323-4.flv','video',NULL,NULL,NULL,4,668323,0,128,'LWWT Transport 1',38.93186188,-76.56716919,'','3217–3253 Solomons Island Rd Edgewater, MD ','86','0',NULL,NULL,'East','23','0','',NULL,NULL,NULL,'','gNwxXIJp11o4UrIiDGp0','','','miles'),(1520,324,'2017-11-27 22:03','312012-4.flv','video',NULL,NULL,NULL,4,312012,0,128,'Shawn Transport',38.89805222,-76.59178925,'','3915 Old Birdsville Rd Harwood, MD ','60','1',NULL,NULL,'North West','149','134.6','',NULL,NULL,NULL,'','Yq1hcXkLFcSrO4jIk3BF','','','miles'),(1467,354,'2017-11-14 02:42','458703-1.flv','video',NULL,NULL,NULL,1,458703,1,350,'Agent Tommy',14.60790157,121.08164978,'',' Economia Street Quezon City, Metro Manila Bagumbayan','81','0',NULL,NULL,'East','225','0','',NULL,NULL,NULL,'','tadMaadSnZbyHDLJZ2Ed','','','miles'),(1468,355,'2017-11-14 02:55','581259-1.flv','video',NULL,NULL,NULL,1,581259,0,350,'Transport Tommy',14.60781765,121.08181000,'',' Economia Street Quezon City, Metro Manila Bagumbayan','87','0',NULL,NULL,'North','239','0','',NULL,NULL,NULL,'','58fGeEz2YcZWSqAZKHDi','','','miles'),(1469,355,'2017-11-14 03:12','581259-2.flv','video',NULL,NULL,NULL,2,581259,0,350,'Transport Tommy',14.60796738,121.08165741,'',' Economia Street Quezon City, Metro Manila Bagumbayan','94','0',NULL,NULL,'North West','228','0','',NULL,NULL,NULL,'','zGQD07HHTcfgxcl8Ifl9','','','miles'),(1470,354,'2017-11-14 03:16','458703-2.flv','video',NULL,NULL,NULL,2,458703,1,350,'Agent Tommy',14.60772800,121.08205414,'',' Economia Street Quezon City, Metro Manila Bagumbayan','95','0',NULL,NULL,'North','253','74.2','',NULL,NULL,NULL,'','Gld9nWnDWZl1IzFKZctY','','','meters'),(1471,354,'2017-11-14 03:18','458703-3.flv','video',NULL,NULL,NULL,3,458703,1,350,'Agent Tommy',14.60788345,121.08163452,'',' Economia Street Quezon City, Metro Manila Bagumbayan','95','0',NULL,NULL,'North','216','0','',NULL,NULL,NULL,'','xFvpkenaNXZzv7XJ7mOb','','','meters'),(1523,378,'2017-11-28 12:05','329915-1.flv','video',NULL,NULL,NULL,1,329915,0,353,'Transport Tommy',14.60793591,121.08163452,'',' Economia Street Quezon City, Metro Manila Bagumbayan','37','0',NULL,NULL,'North','242','0','',NULL,NULL,NULL,'','0aCu8JFAKwBzINN3W464','','','miles'),(1524,324,'2017-11-28 11:27','312012-6.flv','video',NULL,NULL,NULL,6,312012,0,128,'Shawn Transport',38.89805222,-76.59159851,'','3915 Old Birdsville Rd Harwood, MD ','77','0',NULL,NULL,'North West','152','68.59999999999999','',NULL,NULL,NULL,'','SYXhHt1rslpkwB98Bi6J','','','miles'),(1423,324,'2017-11-08 17:02','312012-3.flv','video',NULL,NULL,NULL,3,312012,0,128,'Shawn Transport',38.89842224,-76.59268951,'','3915 Old Birdsville Rd Harwood, MD ','89','9',NULL,NULL,'South East','126','130.4','',NULL,NULL,NULL,'','S9t7bOtSCOexEyGTW4GB','','','miles'),(1194,316,'2017-10-20 13:40','493595-7.flv','video',NULL,NULL,NULL,7,493595,1,315,'test1017',10.78454494,106.67023468,'',' H?m 436/27 Cách M?ng Tháng Tám Ho Chi Minh City, Ho Chi Minh City Ph??ng 11','99','0',NULL,NULL,'North East','39','0','',NULL,NULL,NULL,'','XVZGANn3UmDSoesoB5iG','','','meters'),(1110,306,'2017-08-17 15:12','882826-1.flv','video',NULL,NULL,NULL,1,882826,0,304,'Transport 1',14.30852985,121.12227631,'','  Santa Rosa, Laguna Caingin','76','0',NULL,NULL,'North East','41','0','',NULL,NULL,NULL,'','BWqzlHKUPmai7RN3XeXT','','','miles'),(1114,305,'2017-08-17 15:23','293551-3.flv','video',NULL,NULL,NULL,3,293551,1,304,'Agent 1',14.30858803,121.12227631,'','  Santa Rosa, Laguna Caingin','69','0',NULL,NULL,'North East','16','0','',NULL,NULL,NULL,'','XRRKfje3X93030Wl5nSs','','','meters'),(1115,305,'2017-08-17 15:24','293551-4.flv','video',NULL,NULL,NULL,4,293551,1,304,'Agent 1',14.30858803,121.12227631,'','  Santa Rosa, Laguna Caingin','69','0',NULL,NULL,'North East','19','0','',NULL,NULL,NULL,'','40xKQ4XLGioOTWBBkJUA','','','meters'),(1116,305,'2017-08-17 15:26','293551-5.flv','video',NULL,NULL,NULL,5,293551,1,304,'Agent 1',14.30858803,121.12227631,'','  Santa Rosa, Laguna Caingin','67','0',NULL,NULL,'North East','25','0','',NULL,NULL,NULL,'','nDRvMKxYCy9TTUekTLpe','','','meters'),(1117,306,'2017-08-17 15:32','882826-3.flv','video',NULL,NULL,NULL,3,882826,0,304,'Transport 1',14.30860519,121.12238312,'','  Santa Rosa, Laguna Caingin','64','0',NULL,NULL,'North East','0','280.9','',NULL,NULL,NULL,'','wXpm35eb7yEGeKwZPhUc','','','miles'),(1118,306,'2017-08-17 15:35','882826-4.flv','video',NULL,NULL,NULL,4,882826,0,304,'Transport 1',14.30860519,121.12238312,'','  Santa Rosa, Laguna Caingin','62','0',NULL,NULL,'North East','0','280.9','',NULL,NULL,NULL,'','b2N1blSRT9QDof5WrnWX','','','miles'),(1483,363,'2017-11-14 11:27','790723-1.flv','video',NULL,NULL,NULL,1,790723,0,357,'Tranport 1',14.30856133,121.12236023,'','  Santa Rosa, Laguna Caingin','100','0',NULL,NULL,'North West','29','0','',NULL,NULL,NULL,'','zIw3SI3eHOHJeGKmwCOd','','','miles'),(1522,331,'2017-11-27 22:06','668323-3.flv','video',NULL,NULL,NULL,3,668323,0,128,'LWWT Transport 1',38.89798355,-76.59185028,'','3915 Old Birdsville Rd Harwood, MD ','58','0',NULL,NULL,'North West','156','61.5','',NULL,NULL,NULL,'','2HT1yI182WRbBqFWV8Xh','','','miles'),(1482,362,'2017-11-14 11:25','162848-1.flv','video',NULL,NULL,NULL,1,162848,1,357,'Agent 1',14.30856037,121.12225342,'','  Santa Rosa, Laguna Caingin','100','0',NULL,NULL,'North','28','0','',NULL,NULL,NULL,'','GLvgN7qaD4xhFvdqF6dp','','','meters'),(1521,324,'2017-11-27 22:05','312012-5.flv','video',NULL,NULL,NULL,5,312012,0,128,'Shawn Transport',38.89801025,-76.59175110,'','3915 Old Birdsville Rd Harwood, MD ','58','0',NULL,NULL,'North West','148','20.7','',NULL,NULL,NULL,'','KB3KQ4JeTMqt73Nx3GUg','','','miles'),(1184,316,'2017-10-19 01:36','493595-1.flv','video',NULL,NULL,NULL,1,493595,1,315,'test1017',10.79089069,106.69311523,'',' H?m 1 Lý V?n Ph?c Ho Chi Minh City, Ho Chi Minh City P. Tân ??nh','100','0',NULL,NULL,'North','43','0','',NULL,NULL,NULL,'','LhDj8X7OcER0rIV2ZG4t','','','meters'),(1185,316,'2017-10-19 01:47','493595-2.flv','video',NULL,NULL,NULL,2,493595,1,315,'test1017',10.79085064,106.69306183,'',' H?m 1 Lý V?n Ph?c Ho Chi Minh City, Ho Chi Minh City P. Tân ??nh','100','0',NULL,NULL,'North East','43','0','',NULL,NULL,NULL,'','npVJRRbiRQAEpP00irCh','','','meters'),(1186,316,'2017-10-19 01:50','493595-3.flv','video',NULL,NULL,NULL,3,493595,1,315,'test1017',10.79083729,106.69303894,'',' H?m 1 Lý V?n Ph?c Ho Chi Minh City, Ho Chi Minh City P. Tân ??nh','100','0',NULL,NULL,'North West','43','0','',NULL,NULL,NULL,'','828YP9GuyYTAtLI1ZTGh','','','meters'),(1187,316,'2017-10-19 01:52','493595-4.flv','video',NULL,NULL,NULL,4,493595,1,315,'test1017',10.79092503,106.69313812,'',' H?m 1 Lý V?n Ph?c Ho Chi Minh City, Ho Chi Minh City P. Tân ??nh','100','0',NULL,NULL,'North West','44','0','',NULL,NULL,NULL,'','sQ2ZolrFqyFfJkREiEdY','','','meters'),(1188,316,'2017-10-19 01:54','493595-5.flv','video',NULL,NULL,NULL,5,493595,1,315,'test1017',10.79087448,106.69306946,'',' H?m 1 Lý V?n Ph?c Ho Chi Minh City, Ho Chi Minh City P. Tân ??nh','100','0',NULL,NULL,'South West','44','0','',NULL,NULL,NULL,'','ey3kzp3q9inL1k2Ri57B','','','meters'),(1364,325,'2017-11-02 16:20','100976-1.flv','video',NULL,NULL,NULL,1,100976,1,128,'Taylor Agent',38.55038452,-76.61994171,'','1451 Foxtail Ln Prince Frederick, MD ','89','0',NULL,NULL,'East','68','0','',NULL,NULL,NULL,'','xofIlkwfvytuPPcec1DQ','','','meters'),(1192,316,'2017-10-19 17:22','493595-6.flv','video',NULL,NULL,NULL,6,493595,1,315,'test1017',10.78451538,106.66988373,'',' H?m 444 Cách M?ng Tháng Tám Ho Chi Minh City, Ho Chi Minh City Ph??ng 11','69','2',NULL,NULL,'North West','75','279.1','',NULL,NULL,NULL,'','gegWgXtfuJBRV5EiCnqd','','','meters'),(1401,331,'2017-11-07 14:38','668323-2.flv','video',NULL,NULL,NULL,2,668323,0,128,'LWWT Transport 1',38.89769745,-76.59162903,'','3790–3848 Solomons Island Rd Harwood, MD ','100','0',NULL,NULL,'North West','151','0','',NULL,NULL,NULL,'','I8nrxTx9Y1QxM1AchsZt','','','miles'),(1400,331,'2017-11-07 13:34','668323-1.flv','video',NULL,NULL,NULL,1,668323,0,128,'LWWT Transport 1',38.89769745,-76.59162903,'','3790–3848 Solomons Island Rd Harwood, MD ','88','0',NULL,NULL,'North West','151','0','',NULL,NULL,NULL,'','yMZxNoZHDAf3sxVLvCoa','','','miles'),(1399,324,'2017-11-07 12:42','312012-2.flv','video',NULL,NULL,NULL,2,312012,0,128,'Shawn Transport',38.89769745,-76.59162903,'','3790–3848 Solomons Island Rd Harwood, MD ','42','0',NULL,NULL,'South West','151','0','',NULL,NULL,NULL,'','Eo8e01494S7X4RhcasCO','','','miles'),(1398,324,'2017-11-07 12:41','312012-1.flv','video',NULL,NULL,NULL,1,312012,0,128,'Shawn Transport',38.89769745,-76.59162903,'','3790–3848 Solomons Island Rd Harwood, MD ','40','0',NULL,NULL,'South West','151','0','',NULL,NULL,NULL,'','sJCPXsWk2hws5SOHSIz8','','','miles'),(2651,423,'2018-03-08 15:45','556474-10.flv','video',NULL,NULL,NULL,10,556474,1,418,'Sizer',38.93185425,-76.56690216,'','3168 Braverton St Edgewater, MD ','100','2',NULL,NULL,'North East','8','225.7','',NULL,NULL,NULL,'','QFJwFo4WCQo6z19qwEZI','','21','meters'),(2643,422,'2018-03-08 10:35','260805-6.flv','video',NULL,NULL,NULL,6,260805,0,418,'Transport 1',38.93196106,-76.56683350,'','3168 Braverton St Edgewater, MD ','100','0',NULL,NULL,'North','27','0','',NULL,NULL,NULL,'','md5dF5ZV3CYa0rsLaWP7','','','miles'),(2526,422,'2018-03-07 16:17','260805-3.flv','video',NULL,NULL,NULL,3,260805,0,418,'Transport 1',38.93168259,-76.56721497,'','3217–3253 Solomons Island Rd Edgewater, MD ','65','0',NULL,NULL,'South','31','0','',NULL,NULL,NULL,'','ghc6TZ0JblT9pWJN7bRS','','','miles'),(2527,423,'2018-03-07 16:20','556474-3.flv','video',NULL,NULL,NULL,3,556474,1,418,'Sizer',38.93186951,-76.56678772,'','3168 Braverton St Edgewater, MD ','60','3',NULL,NULL,'North East','10','261.6','',NULL,NULL,NULL,'','y7A1E8wD4SL72escTnhB','','27','meters'),(2091,324,'2017-12-11 08:56','312012-7.flv','video',NULL,NULL,NULL,7,312012,0,128,'Shawn Transport',38.89805222,-76.59187317,'','3915 Old Birdsville Rd Harwood, MD ','82','0',NULL,NULL,'North West','155','152.2','',NULL,NULL,NULL,'','qOaJnjm5XujEjKVZ5VQE','','','miles'),(2648,415,'2018-03-09 02:23','270525-1.flv','video',NULL,NULL,NULL,1,270525,0,208,'tomtransagent09',14.60797596,121.08167267,'',' Economia Street Quezon City, Metro Manila Bagumbayan','72','0',NULL,NULL,'South','232','0','',NULL,NULL,NULL,'','Wq3J8qukiNkH5Kjo9xy7','','','miles'),(2427,334,'2018-02-03 09:24','474168-1.flv','video',NULL,NULL,NULL,1,474168,1,208,'Agent Tommy',14.60803890,121.08168793,'','  Quezon City, Metro Manila Bagumbayan','28','0',NULL,NULL,'North West','219','0','',NULL,NULL,NULL,'','GVUD43b6h19uzYqUFx3L','','','meters'),(2741,422,'2018-03-19 13:26','260805-0.flv','video',NULL,NULL,NULL,10,260805,0,418,'Transport 1',38.93235397,-76.56918335,'','3427 Pike Ridge Rd Edgewater, MD ','-100','0',NULL,NULL,'East','0','0','',NULL,NULL,NULL,'','52Q7zdNngYmMIBleGkEF','','','miles'),(2641,422,'2018-03-08 10:28','260805-5.flv','video',NULL,NULL,NULL,5,260805,0,418,'Transport 1',38.93211365,-76.56669617,'','3168 Braverton St Edgewater, MD ','100','0',NULL,NULL,'North West','29','0','',NULL,NULL,NULL,'','Bng0INuT6apAGHq7ucqp','','','miles'),(2650,423,'2018-03-08 13:35','556474-0.flv','video',NULL,NULL,NULL,9,556474,1,418,'Sizer',38.93185806,-76.56687164,'','3168 Braverton St Edgewater, MD ','100','0',NULL,NULL,'South East','64','101.6','',NULL,NULL,NULL,'','UuiMgNekgAh4Iw07muiJ','','','miles'),(2645,423,'2018-03-08 13:24','556474-6.flv','video',NULL,NULL,NULL,6,556474,1,418,'Sizer',38.93181992,-76.56702423,'','3168 Braverton St Edgewater, MD ','100','0',NULL,NULL,'South','57','304.1','',NULL,NULL,NULL,'','nNf48uLUUIwBur2dxKJF','','11','meters'),(2646,423,'2018-03-08 13:24','556474-0.flv','video',NULL,NULL,NULL,7,556474,1,418,'Sizer',38.93183517,-76.56698608,'','3168 Braverton St Edgewater, MD ','100','2',NULL,NULL,'South East','62','106.2','',NULL,NULL,NULL,'','5VhWEUWm7bE1oBV2FW2G','','','miles'),(2277,387,'2018-01-30 02:06','226253-0.flv','video',NULL,NULL,NULL,1,226253,1,208,'agentdec09',14.60805702,121.08164978,'',' E. Commerce Road Quezon City, Metro Manila Bagumbayan','-100','0',NULL,NULL,'South','242','0','',NULL,NULL,NULL,'','ElbKt9zeqolIlJcDK8BB','','','miles'),(2742,423,'2018-03-19 13:29','556474-14.flv','video',NULL,NULL,NULL,14,556474,1,418,'Sizer',38.93175125,-76.56748199,'','3217–3253 Solomons Island Rd Edgewater, MD ','79','0',NULL,NULL,'East','39','0','',NULL,NULL,NULL,'','m3sGgBImLYyXl7zMTwbf','','','meters'),(1766,331,'2017-12-06 12:20','668323-7.flv','video',NULL,NULL,NULL,7,668323,0,128,'LWWT Transport 1',38.93183517,-76.56684113,'','3168 Braverton St Edgewater, MD ','98','0',NULL,NULL,'South East','32','0.4','',NULL,NULL,NULL,'','6g9S4QPnJUXzZrVRUYx4','','','miles'),(2743,423,'2018-03-19 13:37','556474-15.flv','video',NULL,NULL,NULL,15,556474,1,418,'Sizer',38.93176651,-76.56694794,'','3168 Braverton St Edgewater, MD ','80','0',NULL,NULL,'North West','32','0','',NULL,NULL,NULL,'','2EIQBHHfJ9inLqAqr7eQ','','','meters'),(2765,423,'2018-03-20 13:57','556474-21.flv','video',NULL,NULL,NULL,21,556474,1,418,'Sizer',38.93174744,-76.56731415,'','3217–3253 Solomons Island Rd Edgewater, MD ','98','0',NULL,NULL,'South East','31','0','',NULL,NULL,NULL,'','IQltj7f1UlnEmbtv9CVz','','19','meters'),(1672,331,'2017-12-04 08:45','668323-6.flv','video',NULL,NULL,NULL,6,668323,0,128,'LWWT Transport 1',38.89810181,-76.59194183,'','3915 Old Birdsville Rd Harwood, MD ','91','0',NULL,NULL,'North West','152','39.4','',NULL,NULL,NULL,'','GPYh0teS3ipfiq8HDp9F','','','miles'),(2218,324,'2018-01-17 11:17','312012-14.flv','video',NULL,NULL,NULL,14,312012,0,128,'Shawn Transport',38.89797974,-76.59188080,'','3915 Old Birdsville Rd Harwood, MD ','97','2',NULL,NULL,'South','154','70','',NULL,NULL,NULL,'','GoQ6PznhtegPLCLFBLhP','','','miles'),(2649,423,'2018-03-08 13:30','556474-0.flv','video',NULL,NULL,NULL,8,556474,1,418,'Sizer',38.93184280,-76.56693268,'','3168 Braverton St Edgewater, MD ','100','0',NULL,NULL,'South East','47','0','',NULL,NULL,NULL,'','8tOARL9QVJcYXG5EDMoF','','','miles'),(2766,422,'2018-03-20 13:58','260805-14.flv','video',NULL,NULL,NULL,14,260805,0,418,'Transport 1',38.93169022,-76.56710052,'','3168 Braverton St Edgewater, MD ','97','0',NULL,NULL,'South East','74','0','',NULL,NULL,NULL,'','yGBgdDneWkhki7waVsre','','','miles'),(2216,324,'2018-01-17 11:09','312012-12.flv','video',NULL,NULL,NULL,12,312012,0,128,'Shawn Transport',38.89800262,-76.59177399,'','3915 Old Birdsville Rd Harwood, MD ','100','1',NULL,NULL,'North West','152','305.5','',NULL,NULL,NULL,'','K580ampDbHZpKDWZsovQ','','','miles'),(2217,324,'2018-01-17 11:14','312012-13.flv','video',NULL,NULL,NULL,13,312012,0,128,'Shawn Transport',38.89764023,-76.59171295,'','3790–3848 Solomons Island Rd Harwood, MD ','98','0',NULL,NULL,'South West','151','0','',NULL,NULL,NULL,'','nlM7IKgXp9gldn8f0z9X','','','miles'),(2126,324,'2017-12-18 11:32','312012-9.flv','video',NULL,NULL,NULL,9,312012,0,128,'Shawn Transport',38.93180847,-76.56705475,'','3168 Braverton St Edgewater, MD ','87','1',NULL,NULL,'North West','36','269.3','',NULL,NULL,NULL,'','18l7PMjJNx8qOBcm9LfP','','','miles'),(2767,422,'2018-03-20 13:58','260805-0.flv','video',NULL,NULL,NULL,15,260805,0,418,'Transport 1',38.93169022,-76.56710052,'','3168 Braverton St Edgewater, MD ','97','0',NULL,NULL,'South','65','0','',NULL,NULL,NULL,'','3v2efDasosFbV9EXuWa3','','','miles'),(2197,324,'2018-01-14 17:03','312012-10.flv','video',NULL,NULL,NULL,10,312012,0,128,'Shawn Transport',38.89776611,-76.59168243,'','3790–3848 Solomons Island Rd Harwood, MD ','57','4',NULL,NULL,'North West','155','47.1','',NULL,NULL,NULL,'','kMKby1Voeigxlj0V2T5T','','','miles'),(2730,361,'Sun Mar 18 20:53:42 GMT+08:00 2018','752570-1.mp4','video',NULL,NULL,NULL,1,752570,1,208,'Agent 1',14.59303951,121.02424622,'','','30','0.0',NULL,NULL,'North','','',NULL,NULL,NULL,NULL,NULL,'r8fGQaqNnZsPgzORrgp6','','','miles'),(2215,324,'2018-01-17 11:05','312012-11.flv','video',NULL,NULL,NULL,11,312012,0,128,'Shawn Transport',38.89797592,-76.59190369,'','3915 Old Birdsville Rd Harwood, MD ','100','0',NULL,NULL,'North West','155','285.8','',NULL,NULL,NULL,'','UCNuNSmaO7HmunFCawbI','','','miles'),(2647,422,'2018-03-08 13:29','260805-8.flv','video',NULL,NULL,NULL,8,260805,0,418,'Transport 1',38.93185043,-76.56689453,'','3168 Braverton St Edgewater, MD ','100','0',NULL,NULL,'East','41','0','',NULL,NULL,NULL,'','F4DCRlQZipK3fa7gzyYu','','','miles'),(2092,324,'2017-12-11 08:58','312012-8.flv','video',NULL,NULL,NULL,8,312012,0,128,'Shawn Transport',38.89796448,-76.59182739,'','3915 Old Birdsville Rd Harwood, MD ','82','1',NULL,NULL,'North West','159','117.1','',NULL,NULL,NULL,'','rmIZFwP9iTrrjIH4yxIC','','','miles'),(2508,373,'2018-03-07 11:29','861865-1.flv','video',NULL,NULL,NULL,1,861865,0,364,'Transport Shawn1',38.93170166,-76.56703949,'','3168 Braverton St Edgewater, MD ','62','0',NULL,NULL,'North West','30','0','',NULL,NULL,NULL,'','CKlC6bdQyYeMcLb56H9T','','','miles'),(2509,373,'2018-03-07 11:36','861865-2.flv','video',NULL,NULL,NULL,2,861865,0,364,'Transport Shawn1',38.93174362,-76.56686401,'','3168 Braverton St Edgewater, MD ','67','1',NULL,NULL,'North','33','152.9','',NULL,NULL,NULL,'','erXpw1yYqXGt3SnWgXl7','','','miles'),(2510,373,'2018-03-07 12:12','861865-3.flv','video',NULL,NULL,NULL,3,861865,0,364,'Transport Shawn1',38.93174362,-76.56727600,'','3217–3253 Solomons Island Rd Edgewater, MD ','90','0',NULL,NULL,'North East','31','0','',NULL,NULL,NULL,'','eaR3DsloyJgjwCKOxWP1','','','miles'),(2511,373,'2018-03-07 12:33','861865-4.flv','video',NULL,NULL,NULL,4,861865,0,364,'Transport Shawn1',38.98297501,-76.54174042,'','2498 Riva Rd Annapolis, MD ','81','0',NULL,NULL,'East','51','55.8','',NULL,NULL,NULL,'','ncdpyD9SXN5gH0nSBs0E','','','miles'),(2512,373,'2018-03-07 13:17','861865-5.flv','video',NULL,NULL,NULL,5,861865,0,364,'Transport Shawn1',38.98712158,-76.54738617,'','2002 Annapolis Mall Annapolis, MD ','46','0',NULL,NULL,'East','69','100.9','',NULL,NULL,NULL,'','iroj8XK9REe11O52PVor','','','miles'),(2516,373,'2018-03-07 14:18','861865-9.flv','video',NULL,NULL,NULL,9,861865,0,364,'Transport Shawn1',38.93189621,-76.56684875,'','3168 Braverton St Edgewater, MD ','43','1',NULL,NULL,'North East','30','293.6','',NULL,NULL,NULL,'','1nnB21sRPnXc1jB737Eq','','','miles'),(2517,416,'2018-03-07 14:41','726510-1.flv','video',NULL,NULL,NULL,1,726510,0,364,'Transport Shawn2',38.93202209,-76.56684875,'','3168 Braverton St Edgewater, MD ','52','2',NULL,NULL,'North East','23','354.4','',NULL,NULL,NULL,'','zpcDH2DOhVzvt9ROqaVE','','','miles'),(2515,373,'2018-03-07 14:05','861865-8.flv','video',NULL,NULL,NULL,8,861865,0,364,'Transport Shawn1',38.93169403,-76.56666565,'','3168 Braverton St Edgewater, MD ','66','2',NULL,NULL,'East','12','13.7','',NULL,NULL,NULL,'','ZxPnh2T52nC5bSfnVCCu','','','miles'),(2518,416,'2018-03-07 14:56','726510-2.flv','video',NULL,NULL,NULL,2,726510,0,364,'Transport Shawn2',38.93169022,-76.56722260,'','3217–3253 Solomons Island Rd Edgewater, MD ','58','1',NULL,NULL,'North East','20','96.7','',NULL,NULL,NULL,'','5lFnhNAgXEg2ZrOFRmGu','','','miles'),(2519,416,'2018-03-07 14:56','726510-0.flv','video',NULL,NULL,NULL,3,726510,0,364,'Transport Shawn2',38.93168640,-76.56722260,'','3217–3253 Solomons Island Rd Edgewater, MD ','58','0',NULL,NULL,'North','20','96.7','',NULL,NULL,NULL,'','1kAw4leCuOSqBtAymiP3','','','miles'),(2520,419,'2018-03-08 03:56','740600-1.flv','video',NULL,NULL,NULL,1,740600,1,418,'Agent Tommy',14.60801315,121.08168030,'','  Quezon City, Metro Manila Bagumbayan','17','0',NULL,NULL,'South West','253','0','',NULL,NULL,NULL,'','Ly8NpLmO8AHdjQ7uFmY7','','','meters'),(2521,422,'2018-03-07 15:28','260805-1.flv','video',NULL,NULL,NULL,1,260805,0,418,'Transport 1',38.93169785,-76.56722260,'','3217–3253 Solomons Island Rd Edgewater, MD ','64','0',NULL,NULL,'South West','34','0','',NULL,NULL,NULL,'','M7BEr6mRQRQwBbcCFdFL','','','miles'),(2523,422,'2018-03-07 15:38','260805-2.flv','video',NULL,NULL,NULL,2,260805,0,418,'Transport 1',38.93175507,-76.56715393,'','3217–3253 Solomons Island Rd Edgewater, MD ','60','0',NULL,NULL,'North West','25','0','',NULL,NULL,NULL,'','UHup8ejsbPLZhp4ljgw7','','','miles'),(2524,423,'2018-03-07 15:46','556474-1.flv','video',NULL,NULL,NULL,1,556474,1,418,'Sizer',38.93183899,-76.56686401,'','3168 Braverton St Edgewater, MD ','67','1',NULL,NULL,'North West','7','236.6','',NULL,NULL,NULL,'','z81lpkMuH1rmRiwYhKBb','','','meters'),(2640,423,'2018-03-08 09:55','556474-4.flv','video',NULL,NULL,NULL,4,556474,1,418,'Sizer',38.92337799,-76.62536621,'','743 W Central Ave Davidsonville, MD ','92','3',NULL,NULL,'North West','147','300.6','',NULL,NULL,NULL,'','IZm95BFj5eQe9ZLTSG4p','','','meters'),(2744,423,'2018-03-19 13:44','556474-16.flv','video',NULL,NULL,NULL,16,556474,1,418,'Sizer',38.93170166,-76.56707764,'','3168 Braverton St Edgewater, MD ','78','0',NULL,NULL,'South West','32','0','',NULL,NULL,NULL,'','ae8cEl61KkhTIqgGZIeJ','','','meters'),(2682,423,'2018-03-13 19:59','556474-13.flv','video',NULL,NULL,NULL,13,556474,1,418,'Sizer',38.96858978,-76.53633881,'','2019 Vineyard Rd Annapolis, MD ','45','0',NULL,NULL,'North East','104','81.59999999999999','',NULL,NULL,NULL,'','kNt5z9O4DOAQojJaubQq','','','meters'),(2677,NULL,NULL,'','',NULL,NULL,NULL,1,852083,NULL,NULL,NULL,14.63958740,121.03535461,'','ELJ Communication Center, ABS-CBN Compound Mother Ignacia Ave, Diliman, Quezon City, Metro Manila, Philippines, Quezon City',NULL,'0.0',NULL,NULL,'North',NULL,NULL,NULL,NULL,NULL,NULL,NULL,NULL,'',NULL,NULL),(2644,422,'2018-03-08 13:23','260805-7.flv','video',NULL,NULL,NULL,7,260805,0,418,'Transport 1',38.93184280,-76.56690216,'','3168 Braverton St Edgewater, MD ','100','0',NULL,NULL,'South','57','213','',NULL,NULL,NULL,'','KvgdXKNkQoFEGiv7lIQr','','','miles'),(2528,422,'2018-03-07 16:20','260805-4.flv','video',NULL,NULL,NULL,4,260805,0,418,'Transport 1',38.93181229,-76.56709290,'','3168 Braverton St Edgewater, MD ','64','0',NULL,NULL,'North East','17','0','',NULL,NULL,NULL,'','msJHApoK9MTul3ZS56gv','','','miles'),(2642,423,'2018-03-08 10:35','556474-5.flv','video',NULL,NULL,NULL,5,556474,1,418,'Sizer',38.93175125,-76.56690216,'','3168 Braverton St Edgewater, MD ','85','0',NULL,NULL,'South East','42','208.8','',NULL,NULL,NULL,'','3M4VJg72rvp4vsa5NaTG','','24','meters'),(2525,423,'2018-03-07 16:04','556474-2.flv','video',NULL,NULL,NULL,2,556474,1,418,'Sizer',38.93189621,-76.56688690,'','3168 Braverton St Edgewater, MD ','68','1',NULL,NULL,'North West','0','13.4','',NULL,NULL,NULL,'','C6mTPUstCRHABHRhEkmi','','','meters'),(2652,422,'2018-03-08 15:45','260805-9.flv','video',NULL,NULL,NULL,9,260805,0,418,'Transport 1',38.93186951,-76.56672668,'','3168 Braverton St Edgewater, MD ','100','0',NULL,NULL,'South East','50','0','',NULL,NULL,NULL,'','Z5ogIz59hAL82MWmzFoX','','','miles'),(2764,422,'2018-03-20 13:56','260805-13.flv','video',NULL,NULL,NULL,13,260805,0,418,'Transport 1',38.93165970,-76.56712341,'','3168 Braverton St Edgewater, MD ','98','0',NULL,NULL,'South','58','0','',NULL,NULL,NULL,'','6ic9FZFwzg9vqCcqIGVN','','','miles'),(2732,361,'Sun Mar 18 21:18:40 GMT+08:00 2018','752570-2.mp4','video',NULL,NULL,NULL,2,752570,1,208,'Agent 1',14.59304047,121.02426910,'','731 Bagumbayan, Santa Mesa, Manila, 1016 Metro Manila, Philippines, Manila','33','0.0',NULL,NULL,'North','','',NULL,NULL,NULL,NULL,NULL,'PMutGSBysGCddgFVJCV9','','','miles'),(2671,334,'2018-03-20 17:16','474168-2.flv','video',NULL,NULL,NULL,2,474168,1,208,'Agent Tommy',14.30866241,121.12232971,'','  Santa Rosa City, Laguna Caingin','80','0',NULL,NULL,'South West','29','16.5','',NULL,NULL,NULL,'','cHrsu5AeSL2R9rsuZfQA','','','miles'),(2668,423,'2018-03-10 19:26','556474-11.flv','video',NULL,NULL,NULL,11,556474,1,418,'Sizer',38.94261551,-76.57817078,'','344 Cottswold Pl Riva, MD ','97','0',NULL,NULL,'South','45','0','',NULL,NULL,NULL,'','S37sZiP8JoflxjW2leCh','','','meters'),(2669,423,'2018-03-11 12:53','556474-12.flv','video',NULL,NULL,NULL,12,556474,1,418,'Sizer',38.89800644,-76.59185028,'','3915 Old Birdsville Rd Harwood, MD ','24','0',NULL,NULL,'South West','174','146.6','',NULL,NULL,NULL,'','0kwjBHmUw8WFXrf2NASG','','','meters'),(2670,NULL,NULL,'','',NULL,NULL,NULL,0,474168,NULL,NULL,NULL,14.59303761,121.02425385,'','731 Bagumbayan, Santa Mesa, Manila, 1016 Metro Manila, Philippines, Manila',NULL,'0.0',NULL,NULL,'North',NULL,NULL,NULL,NULL,NULL,NULL,NULL,NULL,'',NULL,NULL),(2745,423,'2018-03-19 13:47','556474-17.flv','video',NULL,NULL,NULL,17,556474,1,418,'Sizer',38.93174744,-76.56718445,'','3217–3253 Solomons Island Rd Edgewater, MD ','72','0',NULL,NULL,'North West','32','0','',NULL,NULL,NULL,'','Tpb8CfZxIK0xIZdS8itm','','','meters'),(2746,423,'2018-03-19 13:48','556474-0.flv','video',NULL,NULL,NULL,18,556474,1,418,'Sizer',38.93164825,-76.56702423,'','3168 Braverton St Edgewater, MD ','72','0',NULL,NULL,'South East','32','0','',NULL,NULL,NULL,'','4ZK1ZVTm60yVeJBlJ2vi','','','miles'),(2763,422,'2018-03-20 13:55','260805-12.flv','video',NULL,NULL,NULL,12,260805,0,418,'Transport 1',38.93166733,-76.56710815,'','3168 Braverton St Edgewater, MD ','98','0',NULL,NULL,'South West','53','0','',NULL,NULL,NULL,'','JdBbwCoaAmtEfgTJ57VW','','','miles'),(2748,334,'2018-03-20 17:18','474168-3.flv','video',NULL,NULL,NULL,3,474168,1,208,'Agent Tommy',14.30857754,121.12237549,'','  Santa Rosa City, Laguna Caingin','79','0',NULL,NULL,'South West','28','0','',NULL,NULL,NULL,'','n6GD7vwiIDk2f0hMiiN1','','','miles'),(2749,361,'Tue Mar 20 17:23:23 GMT+08:00 2018','752570-3.mp4','video',NULL,NULL,NULL,3,752570,1,208,'Agent 1',14.64000034,121.04000092,'','ELJ Communication Center, ABS-CBN Compound Mother Ignacia Ave, Diliman, Quezon City, Metro Manila, Philippines, Quezon City','100','0.0',NULL,NULL,'North','342.1916220123291','',NULL,NULL,NULL,NULL,NULL,'k2ektJ0Yh6LgUhc9hp6h','','','miles'),(2762,423,'2018-03-20 12:42','556474-0.flv','video',NULL,NULL,NULL,20,556474,1,418,'Sizer',38.93194962,-76.56691742,'','3168 Braverton St Edgewater, MD ','79','0',NULL,NULL,'South West','31','0','',NULL,NULL,NULL,'','MBktY9FP2nb1z5jdIewr','','','miles'),(2752,361,'Tue Mar 20 17:24:08 GMT+08:00 2018','752570-4.mp4','video',NULL,NULL,NULL,4,752570,1,208,'Agent 1',14.64000034,121.04000092,'','ELJ Communication Center, ABS-CBN Compound Mother Ignacia Ave, Diliman, Quezon City, Metro Manila, Philippines, Quezon City','100','0.0',NULL,NULL,'North','342.1916220123291','',NULL,NULL,NULL,NULL,NULL,'I6gtxzEOX5nH3QKw4atf','','','miles'),(2760,423,'2018-03-20 12:42','556474-0.flv','video',NULL,NULL,NULL,19,556474,1,418,'Sizer',38.93165207,-76.56762695,'','3217–3253 Solomons Island Rd Edgewater, MD ','-100','0',NULL,NULL,'South West','31','0','',NULL,NULL,NULL,'','KJ2EmHRoec8YWsQddd7v','','','miles'),(2754,361,'Tue Mar 20 17:29:39 GMT+08:00 2018','752570-5.mp4','video',NULL,NULL,NULL,5,752570,1,208,'Agent 1',14.63965797,121.03536987,'','ELJ Communication Center, ABS-CBN Compound Mother Ignacia Ave, Diliman, Quezon City, Metro Manila, Philippines, Quezon City','100','0.0',NULL,NULL,'North','342.19','',NULL,NULL,NULL,NULL,NULL,'QyqpqFdwRyUB4vrcqXUS','','','miles'),(2756,361,'Tue Mar 20 17:34:11 GMT+08:00 2018','752570-6.mp4','video',NULL,NULL,NULL,6,752570,1,208,'Agent 1',14.64000034,121.04000092,'','ELJ Communication Center, ABS-CBN Compound Mother Ignacia Ave, Diliman, Quezon City, Metro Manila, Philippines, Quezon City','100','0.0',NULL,NULL,'North','342.19','',NULL,NULL,NULL,NULL,NULL,'f3gRpYCu4Cs4jqa7ljLf','','','miles'),(2758,361,'Tue Mar 20 17:37:02 GMT+08:00 2018','752570-7.mp4','video',NULL,NULL,NULL,7,752570,1,208,'Agent 1',14.64000034,121.04000092,'','ELJ Communication Center, ABS-CBN Compound Mother Ignacia Ave, Diliman, Quezon City, Metro Manila, Philippines, Quezon City','100','0.0',NULL,NULL,'North','342.19','',NULL,NULL,NULL,NULL,NULL,'xfHpLuXOchgSUCRzVtMG','','','miles'),(2792,361,'Wed Mar 21 16:30:38 GMT+08:00 2018','752570-9.mp4','video',NULL,NULL,NULL,9,752570,1,208,'Agent 1',14.64000034,121.04000092,'','ELJ Communication Center, ABS-CBN Compound Mother Ignacia Ave, Diliman, Quezon City, Metro Manila, Philippines, Quezon City','100','0.0',NULL,NULL,'North','0.0','',NULL,NULL,NULL,NULL,NULL,'9M8UslOE8y3i7nknazup','','','miles'),(2791,361,'Wed Mar 21 16:15:57 GMT+08:00 2018','752570-8.mp4','video',NULL,NULL,NULL,8,752570,1,208,'Agent 1',14.64000034,121.04000092,'','ELJ Communication Center, ABS-CBN Compound Mother Ignacia Ave, Diliman, Quezon City, Metro Manila, Philippines, Quezon City','100','0.0',NULL,NULL,'North','0.0','',NULL,NULL,NULL,NULL,NULL,'wrmHai9jqK3tI0fDNwGd','','','miles'),(2797,361,'Wed Mar 21 17:36:03 GMT+08:00 2018','752570-10.mp4','video',NULL,NULL,NULL,10,752570,1,208,'Agent 1',14.64000034,121.04000092,'','ELJ Communication Center, ABS-CBN Compound Mother Ignacia Ave, Diliman, Quezon City, Metro Manila, Philippines, Quezon City','100','0.0',NULL,NULL,'North','342.19','',NULL,NULL,NULL,NULL,NULL,'tdnXqdqHhHYURxMAnlzi','','','miles'),(2798,361,'Wed Mar 21 17:40:07 GMT+08:00 2018','752570-11.mp4','video',NULL,NULL,NULL,11,752570,1,208,'Agent 1',14.64000034,121.04000092,'','QY Building, Tomas Morato Ave, Diliman, Quezon City, Metro Manila, Philippines, Quezon City','100','0.0',NULL,NULL,'North','0.0','',NULL,NULL,NULL,NULL,NULL,'SU0tM11WADckhLonYKDl','','','miles'),(2830,335,'Thu Mar 22 23:45:28 GMT+08:00 2018','955063-1.mp4','video',NULL,NULL,NULL,1,955063,0,208,'Transport Tommy',14.59305000,121.02426147,'','731 Bagumbayan, Santa Mesa, Manila, 1016 Metro Manila, Philippines, Manila','96','0.0',NULL,NULL,'North','172.9','',NULL,NULL,NULL,NULL,NULL,'0uPoI51FqhSHIVfKVoSF','','','miles'),(2831,335,'Thu Mar 22 23:46:37 GMT+08:00 2018','955063-2.mp4','video',NULL,NULL,NULL,2,955063,0,208,'Transport Tommy',14.59000015,121.01999664,'','731 Bagumbayan, Santa Mesa, Manila, 1016 Metro Manila, Philippines, Manila','95','0.0',NULL,NULL,'North','0.0','',NULL,NULL,NULL,NULL,NULL,'obxvWOz41ueHDS1wKlLp','','','miles'),(2832,335,'Thu Mar 22 23:47:49 GMT+08:00 2018','955063-3.mp4','video',NULL,NULL,NULL,3,955063,0,208,'Transport Tommy',14.59000015,121.01999664,'','731 Bagumbayan, Santa Mesa, Manila, 1016 Metro Manila, Philippines, Manila','95','0.0',NULL,NULL,'North','0.0','',NULL,NULL,NULL,NULL,NULL,'wOwjqXbqqjb9l1TGVriC','','','miles'),(2833,335,'Thu Mar 22 23:56:09 GMT+08:00 2018','955063-4.mp4','video',NULL,NULL,NULL,4,955063,0,208,'Transport Tommy',14.59303093,121.02426910,'','731 Bagumbayan, Santa Mesa, Manila, 1016 Metro Manila, Philippines, Manila','96','0.0',NULL,NULL,'North','172.9','',NULL,NULL,NULL,NULL,NULL,'LGTfawdUm2X6Y8HXHbmw','','','miles'),(2834,335,'Thu Mar 22 23:56:42 GMT+08:00 2018','955063-5.mp4','video',NULL,NULL,NULL,5,955063,0,208,'Transport Tommy',14.59000015,121.01999664,'','731 Bagumbayan, Santa Mesa, Manila, 1016 Metro Manila, Philippines, Manila','96','0.0',NULL,NULL,'North','0.0','',NULL,NULL,NULL,NULL,NULL,'WetiesoXfJJxIWjaWKEf','','','miles');
/*!40000 ALTER TABLE `alert_detail` ENABLE KEYS */;
UNLOCK TABLES;

--
-- Table structure for table `country`
--

DROP TABLE IF EXISTS `country`;
/*!40101 SET @saved_cs_client     = @@character_set_client */;
/*!40101 SET character_set_client = utf8 */;
CREATE TABLE `country` (
  `id` int(11) NOT NULL AUTO_INCREMENT,
  `iso` char(2) NOT NULL,
  `name` varchar(80) NOT NULL,
  `nicename` varchar(80) NOT NULL,
  `iso3` char(3) DEFAULT NULL,
  `numcode` smallint(6) DEFAULT NULL,
  `phonecode` int(5) NOT NULL,
  PRIMARY KEY (`id`)
) ENGINE=MyISAM AUTO_INCREMENT=240 DEFAULT CHARSET=latin1;
/*!40101 SET character_set_client = @saved_cs_client */;

--
-- Dumping data for table `country`
--

LOCK TABLES `country` WRITE;
/*!40000 ALTER TABLE `country` DISABLE KEYS */;
INSERT INTO `country` VALUES (1,'AF','AFGHANISTAN','Afghanistan','AFG',4,93),(2,'AL','ALBANIA','Albania','ALB',8,355),(3,'DZ','ALGERIA','Algeria','DZA',12,213),(4,'AS','AMERICAN SAMOA','American Samoa','ASM',16,1684),(5,'AD','ANDORRA','Andorra','AND',20,376),(6,'AO','ANGOLA','Angola','AGO',24,244),(7,'AI','ANGUILLA','Anguilla','AIA',660,1264),(8,'AQ','ANTARCTICA','Antarctica',NULL,NULL,0),(9,'AG','ANTIGUA AND BARBUDA','Antigua and Barbuda','ATG',28,1268),(10,'AR','ARGENTINA','Argentina','ARG',32,54),(11,'AM','ARMENIA','Armenia','ARM',51,374),(12,'AW','ARUBA','Aruba','ABW',533,297),(13,'AU','AUSTRALIA','Australia','AUS',36,61),(14,'AT','AUSTRIA','Austria','AUT',40,43),(15,'AZ','AZERBAIJAN','Azerbaijan','AZE',31,994),(16,'BS','BAHAMAS','Bahamas','BHS',44,1242),(17,'BH','BAHRAIN','Bahrain','BHR',48,973),(18,'BD','BANGLADESH','Bangladesh','BGD',50,880),(19,'BB','BARBADOS','Barbados','BRB',52,1246),(20,'BY','BELARUS','Belarus','BLR',112,375),(21,'BE','BELGIUM','Belgium','BEL',56,32),(22,'BZ','BELIZE','Belize','BLZ',84,501),(23,'BJ','BENIN','Benin','BEN',204,229),(24,'BM','BERMUDA','Bermuda','BMU',60,1441),(25,'BT','BHUTAN','Bhutan','BTN',64,975),(26,'BO','BOLIVIA','Bolivia','BOL',68,591),(27,'BA','BOSNIA AND HERZEGOVINA','Bosnia and Herzegovina','BIH',70,387),(28,'BW','BOTSWANA','Botswana','BWA',72,267),(29,'BV','BOUVET ISLAND','Bouvet Island',NULL,NULL,0),(30,'BR','BRAZIL','Brazil','BRA',76,55),(31,'IO','BRITISH INDIAN OCEAN TERRITORY','British Indian Ocean Territory',NULL,NULL,246),(32,'BN','BRUNEI DARUSSALAM','Brunei Darussalam','BRN',96,673),(33,'BG','BULGARIA','Bulgaria','BGR',100,359),(34,'BF','BURKINA FASO','Burkina Faso','BFA',854,226),(35,'BI','BURUNDI','Burundi','BDI',108,257),(36,'KH','CAMBODIA','Cambodia','KHM',116,855),(37,'CM','CAMEROON','Cameroon','CMR',120,237),(38,'CA','CANADA','Canada','CAN',124,1),(39,'CV','CAPE VERDE','Cape Verde','CPV',132,238),(40,'KY','CAYMAN ISLANDS','Cayman Islands','CYM',136,1345),(41,'CF','CENTRAL AFRICAN REPUBLIC','Central African Republic','CAF',140,236),(42,'TD','CHAD','Chad','TCD',148,235),(43,'CL','CHILE','Chile','CHL',152,56),(44,'CN','CHINA','China','CHN',156,86),(45,'CX','CHRISTMAS ISLAND','Christmas Island',NULL,NULL,61),(46,'CC','COCOS (KEELING) ISLANDS','Cocos (Keeling) Islands',NULL,NULL,672),(47,'CO','COLOMBIA','Colombia','COL',170,57),(48,'KM','COMOROS','Comoros','COM',174,269),(49,'CG','CONGO','Congo','COG',178,242),(50,'CD','CONGO, THE DEMOCRATIC REPUBLIC OF THE','Congo, the Democratic Republic of the','COD',180,242),(51,'CK','COOK ISLANDS','Cook Islands','COK',184,682),(52,'CR','COSTA RICA','Costa Rica','CRI',188,506),(53,'CI','COTE D\'IVOIRE','Cote D\'Ivoire','CIV',384,225),(54,'HR','CROATIA','Croatia','HRV',191,385),(55,'CU','CUBA','Cuba','CUB',192,53),(56,'CY','CYPRUS','Cyprus','CYP',196,357),(57,'CZ','CZECH REPUBLIC','Czech Republic','CZE',203,420),(58,'DK','DENMARK','Denmark','DNK',208,45),(59,'DJ','DJIBOUTI','Djibouti','DJI',262,253),(60,'DM','DOMINICA','Dominica','DMA',212,1767),(61,'DO','DOMINICAN REPUBLIC','Dominican Republic','DOM',214,1809),(62,'EC','ECUADOR','Ecuador','ECU',218,593),(63,'EG','EGYPT','Egypt','EGY',818,20),(64,'SV','EL SALVADOR','El Salvador','SLV',222,503),(65,'GQ','EQUATORIAL GUINEA','Equatorial Guinea','GNQ',226,240),(66,'ER','ERITREA','Eritrea','ERI',232,291),(67,'EE','ESTONIA','Estonia','EST',233,372),(68,'ET','ETHIOPIA','Ethiopia','ETH',231,251),(69,'FK','FALKLAND ISLANDS (MALVINAS)','Falkland Islands (Malvinas)','FLK',238,500),(70,'FO','FAROE ISLANDS','Faroe Islands','FRO',234,298),(71,'FJ','FIJI','Fiji','FJI',242,679),(72,'FI','FINLAND','Finland','FIN',246,358),(73,'FR','FRANCE','France','FRA',250,33),(74,'GF','FRENCH GUIANA','French Guiana','GUF',254,594),(75,'PF','FRENCH POLYNESIA','French Polynesia','PYF',258,689),(76,'TF','FRENCH SOUTHERN TERRITORIES','French Southern Territories',NULL,NULL,0),(77,'GA','GABON','Gabon','GAB',266,241),(78,'GM','GAMBIA','Gambia','GMB',270,220),(79,'GE','GEORGIA','Georgia','GEO',268,995),(80,'DE','GERMANY','Germany','DEU',276,49),(81,'GH','GHANA','Ghana','GHA',288,233),(82,'GI','GIBRALTAR','Gibraltar','GIB',292,350),(83,'GR','GREECE','Greece','GRC',300,30),(84,'GL','GREENLAND','Greenland','GRL',304,299),(85,'GD','GRENADA','Grenada','GRD',308,1473),(86,'GP','GUADELOUPE','Guadeloupe','GLP',312,590),(87,'GU','GUAM','Guam','GUM',316,1671),(88,'GT','GUATEMALA','Guatemala','GTM',320,502),(89,'GN','GUINEA','Guinea','GIN',324,224),(90,'GW','GUINEA-BISSAU','Guinea-Bissau','GNB',624,245),(91,'GY','GUYANA','Guyana','GUY',328,592),(92,'HT','HAITI','Haiti','HTI',332,509),(93,'HM','HEARD ISLAND AND MCDONALD ISLANDS','Heard Island and Mcdonald Islands',NULL,NULL,0),(94,'VA','HOLY SEE (VATICAN CITY STATE)','Holy See (Vatican City State)','VAT',336,39),(95,'HN','HONDURAS','Honduras','HND',340,504),(96,'HK','HONG KONG','Hong Kong','HKG',344,852),(97,'HU','HUNGARY','Hungary','HUN',348,36),(98,'IS','ICELAND','Iceland','ISL',352,354),(99,'IN','INDIA','India','IND',356,91),(100,'ID','INDONESIA','Indonesia','IDN',360,62),(101,'IR','IRAN, ISLAMIC REPUBLIC OF','Iran, Islamic Republic of','IRN',364,98),(102,'IQ','IRAQ','Iraq','IRQ',368,964),(103,'IE','IRELAND','Ireland','IRL',372,353),(104,'IL','ISRAEL','Israel','ISR',376,972),(105,'IT','ITALY','Italy','ITA',380,39),(106,'JM','JAMAICA','Jamaica','JAM',388,1876),(107,'JP','JAPAN','Japan','JPN',392,81),(108,'JO','JORDAN','Jordan','JOR',400,962),(109,'KZ','KAZAKHSTAN','Kazakhstan','KAZ',398,7),(110,'KE','KENYA','Kenya','KEN',404,254),(111,'KI','KIRIBATI','Kiribati','KIR',296,686),(112,'KP','KOREA, DEMOCRATIC PEOPLE\'S REPUBLIC OF','Korea, Democratic People\'s Republic of','PRK',408,850),(113,'KR','KOREA, REPUBLIC OF','Korea, Republic of','KOR',410,82),(114,'KW','KUWAIT','Kuwait','KWT',414,965),(115,'KG','KYRGYZSTAN','Kyrgyzstan','KGZ',417,996),(116,'LA','LAO PEOPLE\'S DEMOCRATIC REPUBLIC','Lao People\'s Democratic Republic','LAO',418,856),(117,'LV','LATVIA','Latvia','LVA',428,371),(118,'LB','LEBANON','Lebanon','LBN',422,961),(119,'LS','LESOTHO','Lesotho','LSO',426,266),(120,'LR','LIBERIA','Liberia','LBR',430,231),(121,'LY','LIBYAN ARAB JAMAHIRIYA','Libyan Arab Jamahiriya','LBY',434,218),(122,'LI','LIECHTENSTEIN','Liechtenstein','LIE',438,423),(123,'LT','LITHUANIA','Lithuania','LTU',440,370),(124,'LU','LUXEMBOURG','Luxembourg','LUX',442,352),(125,'MO','MACAO','Macao','MAC',446,853),(126,'MK','MACEDONIA, THE FORMER YUGOSLAV REPUBLIC OF','Macedonia, the Former Yugoslav Republic of','MKD',807,389),(127,'MG','MADAGASCAR','Madagascar','MDG',450,261),(128,'MW','MALAWI','Malawi','MWI',454,265),(129,'MY','MALAYSIA','Malaysia','MYS',458,60),(130,'MV','MALDIVES','Maldives','MDV',462,960),(131,'ML','MALI','Mali','MLI',466,223),(132,'MT','MALTA','Malta','MLT',470,356),(133,'MH','MARSHALL ISLANDS','Marshall Islands','MHL',584,692),(134,'MQ','MARTINIQUE','Martinique','MTQ',474,596),(135,'MR','MAURITANIA','Mauritania','MRT',478,222),(136,'MU','MAURITIUS','Mauritius','MUS',480,230),(137,'YT','MAYOTTE','Mayotte',NULL,NULL,269),(138,'MX','MEXICO','Mexico','MEX',484,52),(139,'FM','MICRONESIA, FEDERATED STATES OF','Micronesia, Federated States of','FSM',583,691),(140,'MD','MOLDOVA, REPUBLIC OF','Moldova, Republic of','MDA',498,373),(141,'MC','MONACO','Monaco','MCO',492,377),(142,'MN','MONGOLIA','Mongolia','MNG',496,976),(143,'MS','MONTSERRAT','Montserrat','MSR',500,1664),(144,'MA','MOROCCO','Morocco','MAR',504,212),(145,'MZ','MOZAMBIQUE','Mozambique','MOZ',508,258),(146,'MM','MYANMAR','Myanmar','MMR',104,95),(147,'NA','NAMIBIA','Namibia','NAM',516,264),(148,'NR','NAURU','Nauru','NRU',520,674),(149,'NP','NEPAL','Nepal','NPL',524,977),(150,'NL','NETHERLANDS','Netherlands','NLD',528,31),(151,'AN','NETHERLANDS ANTILLES','Netherlands Antilles','ANT',530,599),(152,'NC','NEW CALEDONIA','New Caledonia','NCL',540,687),(153,'NZ','NEW ZEALAND','New Zealand','NZL',554,64),(154,'NI','NICARAGUA','Nicaragua','NIC',558,505),(155,'NE','NIGER','Niger','NER',562,227),(156,'NG','NIGERIA','Nigeria','NGA',566,234),(157,'NU','NIUE','Niue','NIU',570,683),(158,'NF','NORFOLK ISLAND','Norfolk Island','NFK',574,672),(159,'MP','NORTHERN MARIANA ISLANDS','Northern Mariana Islands','MNP',580,1670),(160,'NO','NORWAY','Norway','NOR',578,47),(161,'OM','OMAN','Oman','OMN',512,968),(162,'PK','PAKISTAN','Pakistan','PAK',586,92),(163,'PW','PALAU','Palau','PLW',585,680),(164,'PS','PALESTINIAN TERRITORY, OCCUPIED','Palestinian Territory, Occupied',NULL,NULL,970),(165,'PA','PANAMA','Panama','PAN',591,507),(166,'PG','PAPUA NEW GUINEA','Papua New Guinea','PNG',598,675),(167,'PY','PARAGUAY','Paraguay','PRY',600,595),(168,'PE','PERU','Peru','PER',604,51),(169,'PH','PHILIPPINES','Philippines','PHL',608,63),(170,'PN','PITCAIRN','Pitcairn','PCN',612,0),(171,'PL','POLAND','Poland','POL',616,48),(172,'PT','PORTUGAL','Portugal','PRT',620,351),(173,'PR','PUERTO RICO','Puerto Rico','PRI',630,1787),(174,'QA','QATAR','Qatar','QAT',634,974),(175,'RE','REUNION','Reunion','REU',638,262),(176,'RO','ROMANIA','Romania','ROM',642,40),(177,'RU','RUSSIAN FEDERATION','Russian Federation','RUS',643,70),(178,'RW','RWANDA','Rwanda','RWA',646,250),(179,'SH','SAINT HELENA','Saint Helena','SHN',654,290),(180,'KN','SAINT KITTS AND NEVIS','Saint Kitts and Nevis','KNA',659,1869),(181,'LC','SAINT LUCIA','Saint Lucia','LCA',662,1758),(182,'PM','SAINT PIERRE AND MIQUELON','Saint Pierre and Miquelon','SPM',666,508),(183,'VC','SAINT VINCENT AND THE GRENADINES','Saint Vincent and the Grenadines','VCT',670,1784),(184,'WS','SAMOA','Samoa','WSM',882,684),(185,'SM','SAN MARINO','San Marino','SMR',674,378),(186,'ST','SAO TOME AND PRINCIPE','Sao Tome and Principe','STP',678,239),(187,'SA','SAUDI ARABIA','Saudi Arabia','SAU',682,966),(188,'SN','SENEGAL','Senegal','SEN',686,221),(189,'CS','SERBIA AND MONTENEGRO','Serbia and Montenegro',NULL,NULL,381),(190,'SC','SEYCHELLES','Seychelles','SYC',690,248),(191,'SL','SIERRA LEONE','Sierra Leone','SLE',694,232),(192,'SG','SINGAPORE','Singapore','SGP',702,65),(193,'SK','SLOVAKIA','Slovakia','SVK',703,421),(194,'SI','SLOVENIA','Slovenia','SVN',705,386),(195,'SB','SOLOMON ISLANDS','Solomon Islands','SLB',90,677),(196,'SO','SOMALIA','Somalia','SOM',706,252),(197,'ZA','SOUTH AFRICA','South Africa','ZAF',710,27),(198,'GS','SOUTH GEORGIA AND THE SOUTH SANDWICH ISLANDS','South Georgia and the South Sandwich Islands',NULL,NULL,0),(199,'ES','SPAIN','Spain','ESP',724,34),(200,'LK','SRI LANKA','Sri Lanka','LKA',144,94),(201,'SD','SUDAN','Sudan','SDN',736,249),(202,'SR','SURINAME','Suriname','SUR',740,597),(203,'SJ','SVALBARD AND JAN MAYEN','Svalbard and Jan Mayen','SJM',744,47),(204,'SZ','SWAZILAND','Swaziland','SWZ',748,268),(205,'SE','SWEDEN','Sweden','SWE',752,46),(206,'CH','SWITZERLAND','Switzerland','CHE',756,41),(207,'SY','SYRIAN ARAB REPUBLIC','Syrian Arab Republic','SYR',760,963),(208,'TW','TAIWAN, PROVINCE OF CHINA','Taiwan, Province of China','TWN',158,886),(209,'TJ','TAJIKISTAN','Tajikistan','TJK',762,992),(210,'TZ','TANZANIA, UNITED REPUBLIC OF','Tanzania, United Republic of','TZA',834,255),(211,'TH','THAILAND','Thailand','THA',764,66),(212,'TL','TIMOR-LESTE','Timor-Leste',NULL,NULL,670),(213,'TG','TOGO','Togo','TGO',768,228),(214,'TK','TOKELAU','Tokelau','TKL',772,690),(215,'TO','TONGA','Tonga','TON',776,676),(216,'TT','TRINIDAD AND TOBAGO','Trinidad and Tobago','TTO',780,1868),(217,'TN','TUNISIA','Tunisia','TUN',788,216),(218,'TR','TURKEY','Turkey','TUR',792,90),(219,'TM','TURKMENISTAN','Turkmenistan','TKM',795,7370),(220,'TC','TURKS AND CAICOS ISLANDS','Turks and Caicos Islands','TCA',796,1649),(221,'TV','TUVALU','Tuvalu','TUV',798,688),(222,'UG','UGANDA','Uganda','UGA',800,256),(223,'UA','UKRAINE','Ukraine','UKR',804,380),(224,'AE','UNITED ARAB EMIRATES','United Arab Emirates','ARE',784,971),(225,'GB','UNITED KINGDOM','United Kingdom','GBR',826,44),(226,'US','UNITED STATES','United States','USA',840,1),(227,'UM','UNITED STATES MINOR OUTLYING ISLANDS','United States Minor Outlying Islands',NULL,NULL,1),(228,'UY','URUGUAY','Uruguay','URY',858,598),(229,'UZ','UZBEKISTAN','Uzbekistan','UZB',860,998),(230,'VU','VANUATU','Vanuatu','VUT',548,678),(231,'VE','VENEZUELA','Venezuela','VEN',862,58),(232,'VN','VIET NAM','Viet Nam','VNM',704,84),(233,'VG','VIRGIN ISLANDS, BRITISH','Virgin Islands, British','VGB',92,1284),(234,'VI','VIRGIN ISLANDS, U.S.','Virgin Islands, U.s.','VIR',850,1340),(235,'WF','WALLIS AND FUTUNA','Wallis and Futuna','WLF',876,681),(236,'EH','WESTERN SAHARA','Western Sahara','ESH',732,212),(237,'YE','YEMEN','Yemen','YEM',887,967),(238,'ZM','ZAMBIA','Zambia','ZMB',894,260),(239,'ZW','ZIMBABWE','Zimbabwe','ZWE',716,263);
/*!40000 ALTER TABLE `country` ENABLE KEYS */;
UNLOCK TABLES;

--
-- Table structure for table `tblAdministrator`
--

DROP TABLE IF EXISTS `tblAdministrator`;
/*!40101 SET @saved_cs_client     = @@character_set_client */;
/*!40101 SET character_set_client = utf8 */;
CREATE TABLE `tblAdministrator` (
  `fldAdministratorID` int(10) unsigned NOT NULL AUTO_INCREMENT,
  `fldAdministratorEmail` varchar(150) DEFAULT NULL,
  `fldAdministratorPassword` varchar(250) DEFAULT NULL,
  `fldAdministratorName` varchar(150) DEFAULT NULL,
  `fldAdministratorContactNo` varchar(150) DEFAULT NULL,
  PRIMARY KEY (`fldAdministratorID`)
) ENGINE=InnoDB AUTO_INCREMENT=2 DEFAULT CHARSET=latin1;
/*!40101 SET character_set_client = @saved_cs_client */;

--
-- Dumping data for table `tblAdministrator`
--

LOCK TABLES `tblAdministrator` WRITE;
/*!40000 ALTER TABLE `tblAdministrator` DISABLE KEYS */;
INSERT INTO `tblAdministrator` VALUES (1,'tommy@tbltechnerds.com','$2y$10$T4F1TGG7ufEs1POz.EUPHOpleMD3o0z46XlBDsj38XAYN.7nPbPd2','Thomas','8459438855');
/*!40000 ALTER TABLE `tblAdministrator` ENABLE KEYS */;
UNLOCK TABLES;

--
-- Table structure for table `tblSMS`
--

DROP TABLE IF EXISTS `tblSMS`;
/*!40101 SET @saved_cs_client     = @@character_set_client */;
/*!40101 SET character_set_client = utf8 */;
CREATE TABLE `tblSMS` (
  `fldSMSID` int(10) unsigned NOT NULL AUTO_INCREMENT,
  `fldSMSUserID` varchar(100) DEFAULT NULL,
  `fldSMSMessageID` varchar(100) DEFAULT NULL,
  `fldSMSPhone` varchar(100) DEFAULT NULL,
  `fldSMSClientID` varchar(100) DEFAULT NULL,
  `fldSMSUserStatus` varchar(100) DEFAULT NULL,
  `fldSMSContent` text,
  `fldSMSReceive` varchar(10) DEFAULT NULL,
  `fldSMSDate` datetime DEFAULT NULL,
  `fldSMSType` int(11) NOT NULL DEFAULT '1' COMMENT '1 = Send 2 = Reply',
  PRIMARY KEY (`fldSMSID`)
) ENGINE=InnoDB AUTO_INCREMENT=117 DEFAULT CHARSET=latin1;
/*!40101 SET character_set_client = @saved_cs_client */;

--
-- Dumping data for table `tblSMS`
--

LOCK TABLES `tblSMS` WRITE;
/*!40000 ALTER TABLE `tblSMS` DISABLE KEYS */;
INSERT INTO `tblSMS` VALUES (38,'235','1','8459438855','941385',NULL,'This is a test',NULL,'2017-07-15 04:42:39',1),(39,'235','2','8459438855','941385',NULL,'This is a test',NULL,'2017-07-15 04:45:48',1),(40,'236','1','8801821032435','661095',NULL,'This is a test',NULL,'2017-07-15 04:45:49',1),(41,'236','2','8801821032435','661095',NULL,'2nd test',NULL,'2017-07-15 04:53:14',1),(42,'236','3','8801821032435','661095',NULL,'This is a test',NULL,'2017-07-15 05:00:16',1),(43,'231','1','8459438855','183319',NULL,'This is a test',NULL,'2017-07-15 05:25:04',1),(44,'237','1','639568857522','934295',NULL,'This is a test',NULL,'2017-07-15 05:25:05',1),(45,'209','1','1234567890','345110',NULL,'Hey',NULL,'2017-07-16 14:20:29',1),(46,'212','1','1234567890','475111',NULL,'Hey',NULL,'2017-07-16 14:20:30',1),(47,'214','1','1234567890','831206',NULL,'Hey',NULL,'2017-07-16 14:20:30',1),(48,'215','1','1234567890','587986',NULL,'Hey',NULL,'2017-07-16 14:20:31',1),(49,'216','1','1234567890','667840',NULL,'Hey',NULL,'2017-07-16 14:20:32',1),(50,'218','1','1234567890','702332',NULL,'Hey',NULL,'2017-07-16 14:20:32',1),(51,'219','1','1234567890','434064',NULL,'Hey',NULL,'2017-07-16 14:20:33',1),(52,'220','1','1234567890','689288',NULL,'Hey',NULL,'2017-07-16 14:20:33',1),(53,'221','1','1234567890','956972',NULL,'Hey',NULL,'2017-07-16 14:20:34',1),(54,'226','1','1234567890','943298',NULL,'Hey',NULL,'2017-07-16 14:20:35',1),(55,'228','1','1234567890','259163',NULL,'Hey',NULL,'2017-07-16 14:20:35',1),(56,'229','1','1217867662','987872',NULL,'Hey',NULL,'2017-07-16 14:20:36',1),(57,'232','1','1234567890','414578',NULL,'Hey',NULL,'2017-07-16 14:20:36',1),(58,'234','1','1234567890','642256',NULL,'Hey',NULL,'2017-07-16 14:20:37',1),(59,'235','3','8459438855','941385',NULL,'Test message from console',NULL,'2017-07-16 21:10:26',1),(60,'236','4','8801821032435','661095',NULL,'Test message from console',NULL,'2017-07-16 21:10:27',1),(61,'235','4','8459438855','941385',NULL,'Test message',NULL,'2017-07-16 22:59:28',1),(62,'235','5','8459438855','941385',NULL,'Send all message',NULL,'2017-07-16 23:00:04',1),(63,'236','5','8801821032435','661095',NULL,'Send all message',NULL,'2017-07-16 23:00:05',1),(64,'235','6','8459438855','941385',NULL,'Individual message functionality, please reply',NULL,'2017-07-16 23:05:11',1),(65,'235','7','8459438855','941385',NULL,'Second test for individual message',NULL,'2017-07-16 23:05:36',1),(66,'235','8','8459438855','941385',NULL,'Test reply sms',NULL,'2017-07-16 23:26:19',1),(67,'235','9','8459438855','941385',NULL,'Second test reply sms',NULL,'2017-07-16 23:27:07',1),(68,'235','10','8459438855','941385',NULL,'Test send message',NULL,'2017-07-17 21:38:33',1),(69,'236','6','8801821032435','661095',NULL,'Test sms',NULL,'2017-07-17 21:40:25',1),(70,'235','11','8459438855','941385',NULL,'Please send a reply message.',NULL,'2017-07-17 22:23:14',1),(71,'235','12','8459438855','941385',NULL,'Please reply',NULL,'2017-07-17 22:27:46',1),(72,'236','7','8801821032435','661095',NULL,'Please reply',NULL,'2017-07-17 22:27:46',1),(74,'236','7','+8801821032435','661095',NULL,'Again reply','1','2017-07-17 23:30:09',2),(75,'236','8','8801821032435','661095',NULL,'Please reply on this test sms. Thanks',NULL,'2017-07-18 01:34:55',1),(76,'235','13','8459438855','941385',NULL,'Reply on this test message',NULL,'2017-07-18 20:19:40',1),(77,'236','9','8801821032435','661095',NULL,'Reply on this test message',NULL,'2017-07-18 20:19:41',1),(78,'248','1','4105075917','810521',NULL,'testing',NULL,'2017-07-24 22:08:30',1),(79,'250','1','4434862364','387178',NULL,'testing SMS ',NULL,'2017-07-24 22:08:56',1),(80,'248','1','+14105075917','810521',NULL,'Got it','1','2017-07-24 22:12:01',2),(81,'250','1','+14434862364','387178',NULL,'Fuck off','1','2017-07-24 22:12:01',2),(82,'248','1','+14105075917','810521',NULL,'Got it','2','2017-07-24 22:12:01',2),(83,'250','2','4434862364','387178',NULL,'bottom right is correct\r\n',NULL,'2017-07-24 22:20:41',1),(84,'254','1','4434862364','568971',NULL,'testing',NULL,'2017-07-25 12:12:10',1),(85,'253','1','4105075917','427983',NULL,'testtttttiiiinnnngggg',NULL,'2017-07-25 12:12:21',1),(86,'253','1','+14105075917','427983',NULL,'Yeppers','1','2017-07-25 12:25:18',2),(87,'254','1','+14434862364','568971',NULL,'You message came','1','2017-07-25 12:25:18',2),(88,'261','1','4434862364','867403',NULL,'Test SMS',NULL,'2017-08-01 12:42:08',1),(89,'264','1','4105075917','315310',NULL,'Test',NULL,'2017-08-01 13:08:22',1),(90,'266','1','4434862364','295507',NULL,'Test',NULL,'2017-08-01 13:09:47',1),(91,'264','2','4105075917','315310',NULL,'test',NULL,'2017-08-01 16:51:41',1),(92,'235','14','8459438855','941385',NULL,'This is a test sms',NULL,'2017-08-01 20:07:57',1),(93,'236','10','1234567890','661095',NULL,'This is a test sms',NULL,'2017-08-01 20:07:58',1),(94,'264','2','+14105075917','315310',NULL,'Recirculating d','1','2017-08-01 20:10:15',2),(95,'259','1','8459438855','562792',NULL,'Test sms',NULL,'2017-08-01 20:35:28',1),(96,'255','1','8459438855','657967',NULL,'Test sms',NULL,'2017-08-01 20:35:42',1),(97,'259','2','8459438855','562792',NULL,'2nd sms message',NULL,'2017-08-01 20:46:42',1),(98,'255','2','8459438855','657967',NULL,'2nd sms message for transport',NULL,'2017-08-01 20:46:54',1),(99,'235','15','8459438855','941385',NULL,'Test',NULL,'2017-08-01 20:57:08',1),(100,'235','16','8459438855','941385',NULL,'Test',NULL,'2017-08-01 20:57:09',1),(101,'278','1','639568857522','906280',NULL,'This is a test message',NULL,'2017-08-02 05:16:54',1),(102,'277','1','1234567890','747176',NULL,'Test',NULL,'2017-08-02 05:25:08',1),(103,'259','3','8459438855','562792',NULL,'Test ',NULL,'2017-08-02 05:44:26',1),(104,'255','3','8459438855','657967',NULL,'Test ',NULL,'2017-08-02 05:44:37',1),(105,'277','2','1234567890','747176',NULL,'test message',NULL,'2017-08-02 05:49:59',1),(106,'278','2','639568857522','906280',NULL,'test message',NULL,'2017-08-02 05:50:24',1),(107,'313','1','4434862364','445782',NULL,'yes i see and hear you',NULL,'2017-09-26 13:25:10',1),(108,'313','2','4434862364','445782',NULL,'yes it did stop....',NULL,'2017-09-26 13:26:35',1),(109,'314','1','4105075917','561419',NULL,'test 10-30-2017',NULL,'2017-10-30 09:21:10',1),(110,'313','3','4434862364','445782',NULL,'test LiveWitness SMS 10-30-2017',NULL,'2017-10-30 09:21:43',1),(111,'354','1','8459438855','458703',NULL,'Test ',NULL,'2017-11-14 05:04:27',1),(112,'355','1','8459438855','581259',NULL,'Test trans ',NULL,'2017-11-14 05:05:02',1),(113,'373','1','4105075917','861865',NULL,'test',NULL,'2018-02-06 16:24:38',1),(114,'373','2','4105075917','861865',NULL,'test',NULL,'2018-02-27 13:06:07',1),(115,'373','2','+14105075917','861865',NULL,'Got it','1','2018-02-27 13:07:52',2),(116,'373','2','+14105075917','861865',NULL,'Copy','2','2018-02-27 13:07:52',2);
/*!40000 ALTER TABLE `tblSMS` ENABLE KEYS */;
UNLOCK TABLES;

--
-- Table structure for table `tblUser`
--

DROP TABLE IF EXISTS `tblUser`;
/*!40101 SET @saved_cs_client     = @@character_set_client */;
/*!40101 SET character_set_client = utf8 */;
CREATE TABLE `tblUser` (
  `fldUserID` int(10) unsigned NOT NULL AUTO_INCREMENT,
  `fldUsersFullname` varchar(150) DEFAULT NULL,
  `fldUsersEmail` varchar(150) DEFAULT NULL,
  `fldUsersMobile` varchar(100) DEFAULT NULL,
  `fldUsersUserName` varchar(100) DEFAULT NULL,
  `fldUsersPassword` varchar(100) DEFAULT NULL,
  `fldUsersAccessCode` varchar(100) DEFAULT NULL,
  `fldUserLevel` varchar(100) DEFAULT NULL,
  `fldUserStatus` varchar(10) DEFAULT NULL,
  `fldUserSecurityCode` varchar(10) DEFAULT NULL,
  `fldUserSCStatus` varchar(10) DEFAULT NULL,
  `fldUsersCommanderID` varchar(10) DEFAULT NULL,
  `fldUserFirebaseKey` varchar(150) DEFAULT NULL,
  `fldUserMultipleLocationKey` varchar(250) DEFAULT NULL,
  `fldUsersNextEvent` int(11) DEFAULT '0',
  `fldUserLoggedStatus` int(11) NOT NULL DEFAULT '0' COMMENT '1 = Start 0 = Stop',
  `fldUsersTransportID` varchar(150) DEFAULT NULL,
  `fldUserAPIToken` varchar(250) DEFAULT NULL,
  `fldIsCrashApp` int(11) NOT NULL DEFAULT '0' COMMENT '1 = Crash',
  `fldUserCountryCode` varchar(10) DEFAULT NULL,
  `fldUserCountryID` varchar(50) DEFAULT NULL,
  PRIMARY KEY (`fldUserID`)
) ENGINE=InnoDB AUTO_INCREMENT=424 DEFAULT CHARSET=latin1;
/*!40101 SET character_set_client = @saved_cs_client */;

--
-- Dumping data for table `tblUser`
--

LOCK TABLES `tblUser` WRITE;
/*!40000 ALTER TABLE `tblUser` DISABLE KEYS */;
INSERT INTO `tblUser` VALUES (90,'Taylor Jackson','taylor@witnessone.com','4434862364','taylor','$2y$10$T4F1TGG7ufEs1POz.EUPHOpleMD3o0z46XlBDsj38XAYN.7nPbPd2','182505','commander','2','938901','0',NULL,NULL,NULL,0,0,NULL,'AYEBf6IlZldn4yHUPdw8kc51BMSVCSU7lm3IZcnVnvInaEB2cEjrU5n',0,NULL,NULL),(97,'Agent1','tom.mywoodfin@gmail.com','8459438855',NULL,NULL,'952370','agent','1',NULL,NULL,'95',NULL,NULL,0,0,NULL,NULL,0,NULL,NULL),(98,'Trans1','tomm.ywoodfin@gmail.com','8459438855',NULL,NULL,'989749','transport','0',NULL,NULL,'95',NULL,NULL,0,0,NULL,NULL,0,NULL,NULL),(128,'Shawn','shawn@witnessone.com','4105075917','shawn','$2y$10$cS9bMkUzzxD7XsJ9JzMSrOGBw7.nPcrOmYT/SSIZlNiSuG86g06HC','395046','commander','2','436640','0',NULL,NULL,NULL,0,0,NULL,'F0imwmN3oW7UQGMHjGK7tPy6joxTJnmow41NrpJLNuN7HV6eUKCpTB5',0,NULL,NULL),(158,'Tommy','tom+32@tbltechnerds.com','1234567890','tommy3','$2y$10$uAKfovY4eUSHOrvlnDg6feoWjyhFlmQNt3yiV8tFWPdZFAxw0WubK','570914','commander','2','779374','0',NULL,NULL,NULL,0,0,NULL,'TKHbzRrcTKAsX7pdYlqMHGNJwtAoZOBMxuUBJDMyhWp2Zymaz4blkcT',0,NULL,NULL),(160,'Transport 1','transport+1@email.com','1234567890',NULL,NULL,'562416','transport','0',NULL,NULL,'158',NULL,NULL,0,0,NULL,NULL,0,NULL,NULL),(162,'Agent 1','agent+1@email.com1','1234567890',NULL,NULL,'137766','agent','1',NULL,NULL,'158',NULL,NULL,0,0,NULL,NULL,0,NULL,NULL),(184,'Tommy','tommy+2@tbltechnerds.com','8459438855','tommy11 ','$2y$10$t./XUGh1xTVK45fum2OPWOEhpqObr1IdF07iuNopknaZhdz6W0h.W','295599','commander','2','401380','0',NULL,NULL,NULL,0,0,NULL,'kWlYkA0x3c549FCt0fO4xJFQaaSI6aHtxjyS4UPzd5EjmB196R3BAHI',0,NULL,NULL),(191,'Agent1','agent1@witnessone.com','8459438855',NULL,NULL,'503217','agent','1',NULL,NULL,'190',NULL,NULL,0,0,'0',NULL,0,NULL,NULL),(192,'Trans1','trans1@witnessone.com','8459438855',NULL,NULL,'789482','transport','0',NULL,NULL,'190',NULL,NULL,0,0,'0',NULL,0,NULL,NULL),(204,'Tommy','tommy2@tbltechnerds.com','8459438855','Tommy2','$2y$10$Zwb.ZusW/xnfzFINCKPpbuoGhMvNaeD1f9NzqEfIpcKuKLorvfRi6','346294','commander','2','790892','0',NULL,NULL,NULL,0,0,NULL,'k60EzXlNJYI8PsYxQvjEe02ivXVJG76Tn6yauGncydoJzWetqVCwWlK',0,NULL,NULL),(205,'Tommy','tommy13@tbltechnerds.com','8459438855','Tommy13','$2y$10$qy9OWn68AOugYW56SiM3r.mgnXJggKlpJnsArrJb3jJYOjNKADP5m','510807','commander','2','245629','1',NULL,NULL,NULL,0,0,NULL,NULL,0,NULL,NULL),(206,'Trans1','trans1@tbltechnerds.com','8459438855',NULL,NULL,'716703','transport','0',NULL,NULL,'205',NULL,NULL,0,0,'0',NULL,0,NULL,NULL),(207,'Agent1','agent1@tbltechnerds.com','8459438855',NULL,NULL,'800383','agent','1',NULL,NULL,'205',NULL,NULL,0,0,'206',NULL,0,NULL,NULL),(208,'Tommy4','tommy@tbltechnerds.com','8459438855','tommy4','$2y$10$6GuNzYVM39ouokAgOyPA3u84Q5xjM6C4qe65YzyfLNx31GL160AX6','188200','commander','2','576459','0',NULL,NULL,NULL,0,0,NULL,'jHc5mtNcI56X9zWP9VXCYGzrngIoCvzV3lMNUAK5xd9YOSKnLpiGG43',0,'+1','226'),(230,'Tom','tommy@tbltechnerds.com','8459438855','tommy5','$2y$10$61h1lc8VMYD4spqV.RXoRuyn1a/eAnPSut4SegYEWWIpbdTZKj8V2','146491','commander','2','510643','0',NULL,NULL,NULL,0,0,NULL,'F5egZdzY3ZtmfQk22EgJXxE2gQPSxbtaUsz0kDGwPYTx7Bp0sHZxOtv',0,NULL,NULL),(304,'Tommy','tommy@tbltechnerds.com','1234567890','tommy6','$2y$10$cwfOTJaagueOxAU7GOu76uq/QkzIWtV3DrD.oVkErlZlMfWZ5xNRm','681233','commander','2','486641','0',NULL,NULL,NULL,0,0,NULL,'Z26DJTsG7JnEe9TwxHF9qhyKvqnwA9qTfUhTOeHEkFAvKuTDyEVhKI4',0,NULL,NULL),(305,'Agent 1','agent+1@email.com','1234567890',NULL,NULL,'293551','agent','1',NULL,NULL,'304','','nDRvMKxYCy9TTUekTLpe',6,0,'306','fX6P8xsD5N8RPAfdv14LuZ9qFMzEoSNeK6pInE9Bg9gT0aTlvuZgPIJ',0,NULL,NULL),(306,'Transport 1','transport@email.com','1234567890',NULL,NULL,'882826','transport','0',NULL,NULL,'304','','b2N1blSRT9QDof5WrnWX',5,0,'0','CnvhCpmGkitdsghNoaXJrJ8bcQGlyiy5x5fe7dFm6An0nDYXSqRKFaS',0,NULL,NULL),(315,'thomas woodfin','tommy.woodfin@gmail.com','8459438855','thomas','$2y$10$pZsbil7A4HJXAszowClF0.VEhGgR7lZceD8Pdi64gAf/zJ4ijKpDa','737439','commander','2','558741','0',NULL,NULL,NULL,0,0,NULL,'e9wqFSIKq4dIK4RAwUvdC0wjLPyoIqQ7PPHiN50Uow6HubxnBr2Adhc',0,NULL,NULL),(316,'test1017','tommy.woodfin@gmail.com','8459438855',NULL,NULL,'493595','agent','1',NULL,NULL,'315','-KxTTLj_UXIWFyks0cdu','0xymWB71PsilWRPtpwLb',8,1,'317','BprYkLoeY3PLQ1WOgIHLlvr1HmTWIxupgPr5spU4Qlm6ehUypg2s756',0,NULL,NULL),(317,'thomas woodfin','tommy.woodfin@gmail.com','8459438855',NULL,NULL,'177354','transport','0',NULL,NULL,'315',NULL,NULL,0,0,'0',NULL,0,NULL,NULL),(318,'Tommy','tom.mywoodfin@gmail.com','8459438855','Tommy9','$2y$10$xUlsG8E720XZXJZBiiPZnux96aQrxtKHYnQM92Qd35/UwTgRt2zIS','771565','commander','2','586494','1',NULL,NULL,NULL,0,0,NULL,'P2wsgbW4bonNT9Do5loAHjVAGgXVUuXT6RkkZwlO7r5qmBc8eBziYW4',0,NULL,NULL),(320,'Agent 1','agent+1@email.com','8459438855',NULL,NULL,'366388','agent','1',NULL,NULL,'230','','',0,0,'321','5BSC6bvIt42dynzohXlw5bGLPab126lo2bHXwboIO3RuKY8cqTipS20',1,NULL,NULL),(321,'Transport 1','transport@email.com','8459438855',NULL,NULL,'566158','transport','0',NULL,NULL,'230','','',0,0,'0','reGgklEvn2rWPggB1cWuyv60TRBRleaAUjbjB0jJrVf416b6wru3I0A',0,NULL,NULL),(324,'Shawn Transport','bluetomatofarms@hotmail.com','4105075917',NULL,NULL,'312012','transport','0',NULL,NULL,'128','','GoQ6PznhtegPLCLFBLhP',15,0,'0','IRSqE1Coeoetkbjbzy6jdPTfBR9sMvo3P6hLFrWkkjgTFpebHbGr6iX',1,'+1','226'),(325,'Taylor Agent','taylor@witnessone.com','4434862364',NULL,NULL,'100976','agent','1',NULL,NULL,'128','','xofIlkwfvytuPPcec1DQ',2,0,'324','xX8VjPo4WAQBZjky2SZ3rh7h3ZVak3EMAo1foOWTu4x0jRb6jcAQgON',0,'+1','226'),(326,'Agent 2','agent+2@email.com','1234567890',NULL,NULL,'437521','agent','1',NULL,NULL,'230','','',0,1,'327','1cdRbHEyKws2XhkRK81GXsNhUuvcSiSmRBTPvVBUBysLZiRjEmAAJko',1,NULL,NULL),(327,'Transport 2','transport+2@email.com','1234567890',NULL,NULL,'801894','transport','0',NULL,NULL,'230','','',0,0,'0','x9HN1VgFuoCiDuE6fFJmHQH82IOIj1YGBurH1RYaQskRE1Fl3ikZMB5',0,NULL,NULL),(328,'LWWT AGENT 1','taylor@witnessone.com','4434862364',NULL,NULL,'584594','agent','1',NULL,NULL,'90',NULL,NULL,0,0,'329',NULL,0,NULL,NULL),(329,'LWWT Transport 1','taylor@witnessone.com','4434862364',NULL,NULL,'395056','transport','0',NULL,NULL,'90',NULL,NULL,0,0,'0',NULL,0,NULL,NULL),(330,'LWWT AGENT 1','taylor@witnessone.com','4434862364',NULL,NULL,'541526','agent','1',NULL,NULL,'128',NULL,NULL,0,0,'331',NULL,0,'+1','226'),(331,'LWWT Transport 1','bluetomatofarms@hotmail.com','4434862364',NULL,NULL,'668323','transport','0',NULL,NULL,'128','','6g9S4QPnJUXzZrVRUYx4',8,0,'0','mD62Qbv5ohWBSxCJxdv7DgBwSDYczTRZPNm5PDFKEgLta6KEDPq4Isj',1,NULL,NULL),(334,'Agent Tommy','tommy.woodfin@gmail.com','8459438855',NULL,NULL,'474168','agent','1',NULL,NULL,'208','','n6GD7vwiIDk2f0hMiiN1',4,0,'390','qr9lVOTtGBF8xaSL36Vd27604QRfgGR56iwFegt4PLiGliBO03bmoGR',1,'+1','226'),(335,'Transport Tommy','tommy.woodfin@gmail.com','8459438855',NULL,NULL,'955063','transport','0',NULL,NULL,'208','','WetiesoXfJJxIWjaWKEf',6,0,'0','2bCukJ6cTS0vWckZtbcNZ29aGFPi2eVgWGyITXWhBrqlsCTOurLBNY2',1,'+1','226'),(346,'Tommy Woodfin','tommy@tbldevs.com','8459438855','tommy7','$2y$10$lTLAyZkfuDLFpYHECdMiyORjGwoyuDOxebKZuK6G2f6OF2XFX/QSO','243888','commander','2','363860','0',NULL,NULL,NULL,0,0,NULL,'ojCzK3pxoiPdArjrjYmBzt13lssb3FStSwAAPERlKM7OHfEXHtNKXQs',0,'+1','226'),(350,'Tommy','tommy.woodfin@gmail.com','9276681669','Tommynov14','$2y$10$Y2BSgSxrhO0dxdhZXLt86uPMf3R6y46ydi5FEISPvItsPxgiLWnI2','303218','commander','2','691087','0',NULL,NULL,NULL,0,0,NULL,'baaROJLg4sjq3r04xmDlO2V40kQIOCG6bJ9ygdkjIiNB4MIdNXK9jx6',0,'+63','169'),(351,'Shawn','taylor@witnessone.com','4105075917','COMshawn','$2y$10$SQBPcAIpPRUTf0Aobmh3ruoiBkhgP7AuhPMmTbOoEJGSjd1tHERma','118379','commander','2','750482',NULL,NULL,NULL,NULL,0,0,NULL,'r2DRgMWu2bbc6GrrTRYkhQ0Kl7jm61pu4pqqJUDYRVBKowkLfC0NBg0',0,'+1','226'),(352,'Taylor Jackson','taylor@witnessone.com','4434862364','COMTaylor','$2y$10$mqtnMM6nfkiQ/wnu3RGqy.ozkfaIXMTIpns5aHN7VfXQHJJhhMUnO','548810','commander','2','437522',NULL,NULL,NULL,NULL,0,0,NULL,NULL,0,'+1','226'),(353,'Tommy','tommy.woodfin@gmail.com','9276681669','Tommy15','$2y$10$9vv7KDmmAT/uSNrSdDiIDOBRkiWfTVrtBtcg7WMxvkQOG6kFR8SW.','729748','commander','2','201791',NULL,NULL,NULL,NULL,0,0,NULL,'tKlH1Z3Aw0eEvu8madyJ0WSNYvOibu7r3rBpTKALQnAdFrXres44lG5',0,'+1','226'),(354,'Agent Tommy','tommy.woodfin@gmail.com','8459438855',NULL,NULL,'458703','agent','1',NULL,NULL,'350','','xFvpkenaNXZzv7XJ7mOb',4,0,'355','ITqO9cZ6UUskTbaUdiZqfNYtrGTdIEDvkrbEQcdgrzT1Vilssydoi19',0,'+1','226'),(355,'Transport Tommy','tommy.woodfin@gmail.com','8459438855',NULL,NULL,'581259','transport','0',NULL,NULL,'350','','zGQD07HHTcfgxcl8Ifl9',3,0,'0','F2nDELUmSyiINqaNnWdwLJimfMEL1Qps1NZWX6bCTRQcCyfCkFBjSgD',0,'+1','226'),(357,'Tommy Woodfin','emmanuel@tbldevs.com','8459438855','tommy10','$2y$10$.3lGAMiz0DLj5CTGLNM30.cFKXzQ775YXrzf3TUdgufF0Y/Xt2xNq','603465','commander','2','744960','0',NULL,NULL,NULL,0,0,NULL,'S4jRSpAHLoRgk9DqWkXK5m4w9PjgnbfIR1SSN7chQa24sTNFbPgLSpD',0,'+1','226'),(361,'Agent 1','tommy.woodfin@gmail.com','8459438855',NULL,NULL,'752570','agent','1',NULL,NULL,'208','','SU0tM11WADckhLonYKDl',12,0,'388','13kdXBp4FZ9ph8UfKV9e11ulNUdUqAY8aH31h424wAmYpEhiF7ZZGcU',1,'+1','226'),(362,'Agent 1','tommy.woodfin@gmail.com','8459438855',NULL,NULL,'162848','agent','1',NULL,NULL,'357','','GLvgN7qaD4xhFvdqF6dp',2,0,'363','WBwfYiugfo4nFUlH8X9pXmCZ7crykvg9ArYOIQGtRpYRkY3cPyKujMI',0,'+1','226'),(363,'Tranport 1','tommy.woodfin@gmail.com','8459438855',NULL,NULL,'790723','transport','0',NULL,NULL,'357','','zIw3SI3eHOHJeGKmwCOd',2,0,'0','ATTNs7oWdZc4pHBHQSPndaSAea3TocmXE82Li7iFtIJcw4L0PBMymso',0,'+1','226'),(364,'Shawn','Shawn@witnessone.com','4105075917','comshawn14','$2y$10$G8/cYqCVE0pwL2znpLjbvOH/YnJry05SaJivNRsNU/pghB4ulo45O','700909','commander','2','549150','0',NULL,NULL,NULL,0,0,NULL,'TqAJGFridBXFbHfTjIZumwaB136gVNfh2Pf5rk3dFsjqm5Jpndoi0KP',0,'+1','226'),(365,'Taylor Jackson','taylor@witnessone.com','4434862364','comtaylor14','$2y$10$M/0j8qVjVOaQwmKfjz30sO7X0G4QTcu0l.JH2RVVQEqkSm1ogkIx6','776506','commander','2','938248','0',NULL,NULL,NULL,0,0,NULL,'GM0UbMA1H3uw2trpibGIcF8v3s47dkZnvp7KTUj3PJlAGYVU4ACshqW',0,'+1','226'),(369,'agenttaylor14','taylor@witnessone.com','4434862364',NULL,NULL,'739543','agent','1',NULL,NULL,'365',NULL,NULL,0,0,'371',NULL,0,'+1','226'),(370,'transtaylor14','taylor@witnessone.com','4434862364',NULL,NULL,'217704','transport','0',NULL,NULL,'365',NULL,NULL,0,0,'0',NULL,0,'+1','226'),(371,'TransportShawn2','shawn@witnessone.com','4105075917',NULL,NULL,'700137','transport','0',NULL,NULL,'365',NULL,NULL,0,0,'0',NULL,0,'+1','226'),(372,'Agent Taylor','taylor@witnessone.com','4434862364',NULL,NULL,'977479','agent','1',NULL,NULL,'364','','7OR7dRv8mO3djMPs6gA6',0,0,'417','16cZx9khTLw13dfneCc6wTqgfIZZB5Oe4WqzHTe8BTtyY1e0UttYd2V',1,'+1','226'),(373,'Transport Shawn1','shawn@witnessone.com','4105075917',NULL,NULL,'861865','transport','0',NULL,NULL,'364','','1nnB21sRPnXc1jB737Eq',10,0,'0','kmtkqVKfI2X2mvWpi3UYMaMN6Jp9LpDQVkGbdxxyLjcCdxYeN6XXcZn',1,'+1','226'),(375,'Tommy Woodfin','ebmarcilla@gmail.com','8459438855','tommy151','$2y$10$bXXdvk/EmuJdQUBZruRmYedN4bgH0o6djtLWuKfCul6NdlENJUszi','239319','commander','2','818935','0',NULL,NULL,NULL,0,0,NULL,NULL,0,'+1','226'),(377,'AgentTommy','tommy.woodfin@gmail.com','8459438855',NULL,NULL,'674856','agent','1',NULL,NULL,'353',NULL,NULL,0,0,'378',NULL,0,'+1','226'),(378,'Transport Tommy','tommy.woodfin@gmail.com','8459438855',NULL,NULL,'329915','transport','0',NULL,NULL,'353','','0aCu8JFAKwBzINN3W464',2,0,'0','PEsWomeFoa8hcNi9EV4KUiKNcMtYWYl18RzTDPV9t1rZNv8Rp1MIp4m',0,'+1','226'),(382,'agenttom1202','tommy.woodfin@gmail.com','8459438855',NULL,NULL,'567383','agent','1',NULL,NULL,'208','','',0,0,'386','XdbH1ELzdq7eUlArok6k62i5gFYcWbQlF5H1htFzqt0Dfchz0vwGqnp',0,'+1','226'),(383,'transtom1204','tommy.woodfin@gmail.com','8459438855',NULL,NULL,'852083','transport','0',NULL,NULL,'208','','OsJHYGveRo91ssEL1Glv',2,0,'0','UeczsidY8oJiR9gxaF5qEV2SiJKDiRcM57ZOEl0d1DeVx64DVYsFdgA',1,'+1','226'),(384,'Agent 2','tommy.woodfin@gmail.com','8459438855',NULL,NULL,'507591','agent','1',NULL,NULL,'208','','',0,0,'414','iL2SV7XDlWEeEwRQgsr1BQpFACmEWswEON7LHllk3JWeIFFksuJA2C8',1,'+63','169'),(385,'Transport 2','tommy.woodfin@gmail.com','8459438855',NULL,NULL,'526464','transport','0',NULL,NULL,'208','','',0,1,'0','vHIzo40QRfxxi1450g0rG7w46rmxeWES2M2ceO2RFNNoYNB7luyn8EL',1,'+1','226'),(386,'transdec09','tom@tbldevs.com','8459438855',NULL,NULL,'970351','transport','0',NULL,NULL,'208','','',0,1,'0','CCYmc6L8T025xXghMt3eafzum7Qp1mSrY7XBJdNFJXMP0ls52Fo92RH',1,'+1','226'),(387,'agentdec09','tommy.woodfin@gmail.com','8459438855',NULL,NULL,'226253','agent','1',NULL,NULL,'208','','ElbKt9zeqolIlJcDK8BB',2,0,'415','kRaRQHnv3tYqWcAiYXY7mT6LFxXGcjw5MGSSybhBq2mXg5gRvISNm11',1,'+1','226'),(394,'Karl Milligan','kmilligan@patriotsecuritygroup.com','4104746354','Karl','$2y$10$I1J6lBcTxwXDZ/9fQVrNxesnFYSPW9m095YhbCX8EI.W6kvu81XW2','231085','commander','2','734394','0',NULL,NULL,NULL,0,0,NULL,'6LxnKP4XJs0I381NaTMZae1Bzu6tF4CPrWZgmja8I3kwPj0mXkWL3mk',0,'+1','226'),(395,'Agent Karl','kmilligan@patriotsecuritygroup.com','4104746354',NULL,NULL,'508208','agent','1',NULL,NULL,'394',NULL,NULL,0,0,'397',NULL,0,'+1','226'),(396,'Transport Karl','kmilligan@patriotsecuritygroup.com','4104746354',NULL,NULL,'757403','transport','0',NULL,NULL,'394',NULL,NULL,0,0,'0',NULL,0,'+1','226'),(397,'Tommy Woodfin','tommy.woodfin@gmail.com','8459438855',NULL,NULL,'990460','transport','0',NULL,NULL,'394',NULL,NULL,0,0,'0',NULL,0,'+1','226'),(414,'Tomtransagent2','tom@tbldevs.com','8459438855',NULL,NULL,'507359','transport','0',NULL,NULL,'208',NULL,NULL,0,0,'0',NULL,0,'+1','226'),(415,'tomtransagent09','tom@tbldevs.com','8459438855',NULL,NULL,'270525','transport','0',NULL,NULL,'208','','Wq3J8qukiNkH5Kjo9xy7',2,0,'0','Qa2zFCZwwdHMqqlV0fKOia8yxSY11c6go4RT2XxdYcAmTOReVnaA7PM',0,'+1','226'),(416,'Transport Shawn2','shawn@witnessone.com','4105075917',NULL,NULL,'726510','transport','0',NULL,NULL,'364','','1kAw4leCuOSqBtAymiP3',4,0,'0','TEP2wKylSkcTks1qpwWJlUW52ahez4V1duMbbZR0fvkEWzYsCUJvoaK',0,'+1','226'),(417,'Thomas Woodfin','tommy.woodfin@gmail.com','8459438855',NULL,NULL,'654816','transport','0',NULL,NULL,'364',NULL,NULL,0,0,'0',NULL,0,'+1','226'),(418,'Commander Shawn','Shawn@witnessone.com','4105075917','CommanderShawn','$2y$10$TNA49lo2JnGmznztavW4Ie8pMUdDzgpiX.U7bKkU3JuTEqTVFpOeW','488984','commander','2','586234','0',NULL,NULL,NULL,0,0,NULL,'jyGaNthn2ZoVkziY3RTfEvsNnNCUVzoE1d3C97nbaRpN62Tvpdk6GCa',0,'+1','226'),(419,'Agent Tommy','tom@witnessone.net','8459438855',NULL,NULL,'740600','agent','1',NULL,NULL,'418','','x7kZH3Xy3Mxo6zH3hm1C',3,0,'422','OPVsfZV8a2vT1wqw4FPvGKFD48tA5EHG9miyKTmEzEDQzdZ60svcqZ5',1,'+1','226'),(422,'Transport 1','taylor@314techgroup.com','4434862364',NULL,NULL,'260805','transport','0',NULL,NULL,'418','','3v2efDasosFbV9EXuWa3',16,0,'0','DGUGLJbSzjENzzedB0lSfDL6wbKKrpIKTUHz1xCZhxj0I1XutaPlJnB',1,'+1','226'),(423,'Sizer','shawn@witnessone.com','4105075917',NULL,NULL,'556474','agent','1',NULL,NULL,'418','','IQltj7f1UlnEmbtv9CVz',22,0,'422','nLBjGUFeRMXYlMmDSwcxDGcyHalLnrBgeIb6QtxEINeCrldq9CQKdE4',1,'+1','226');
/*!40000 ALTER TABLE `tblUser` ENABLE KEYS */;
UNLOCK TABLES;
/*!40103 SET TIME_ZONE=@OLD_TIME_ZONE */;

/*!40101 SET SQL_MODE=@OLD_SQL_MODE */;
/*!40014 SET FOREIGN_KEY_CHECKS=@OLD_FOREIGN_KEY_CHECKS */;
/*!40014 SET UNIQUE_CHECKS=@OLD_UNIQUE_CHECKS */;
/*!40101 SET CHARACTER_SET_CLIENT=@OLD_CHARACTER_SET_CLIENT */;
/*!40101 SET CHARACTER_SET_RESULTS=@OLD_CHARACTER_SET_RESULTS */;
/*!40101 SET COLLATION_CONNECTION=@OLD_COLLATION_CONNECTION */;
/*!40111 SET SQL_NOTES=@OLD_SQL_NOTES */;

-- Dump completed on 2018-03-25  0:10:45
