-- phpMyAdmin SQL Dump
-- version 4.8.3
-- https://www.phpmyadmin.net/
--
-- Host: 127.0.0.1
-- Generation Time: Dec 10, 2018 at 09:07 PM
-- Server version: 10.1.36-MariaDB
-- PHP Version: 5.6.38

SET SQL_MODE = "NO_AUTO_VALUE_ON_ZERO";
SET AUTOCOMMIT = 0;
START TRANSACTION;
SET time_zone = "+00:00";


/*!40101 SET @OLD_CHARACTER_SET_CLIENT=@@CHARACTER_SET_CLIENT */;
/*!40101 SET @OLD_CHARACTER_SET_RESULTS=@@CHARACTER_SET_RESULTS */;
/*!40101 SET @OLD_COLLATION_CONNECTION=@@COLLATION_CONNECTION */;
/*!40101 SET NAMES utf8mb4 */;

--
-- Database: `glasses`
--

-- --------------------------------------------------------

--
-- Table structure for table `alert_detail`
--

CREATE TABLE `alert_detail` (
  `alert_detail_id` int(11) NOT NULL,
  `user_id` int(11) DEFAULT NULL,
  `alert_datetime` varchar(55) DEFAULT NULL,
  `filePath` text NOT NULL,
  `fileType` varchar(10) NOT NULL,
  `video` text,
  `image` text,
  `audio` text,
  `events` int(11) DEFAULT NULL,
  `user_code` int(11) DEFAULT NULL,
  `status` int(11) DEFAULT NULL,
  `client_id` int(11) DEFAULT NULL,
  `user_name` varchar(55) DEFAULT NULL,
  `lat` float(10,8) DEFAULT NULL,
  `lng` float(100,8) DEFAULT NULL,
  `alert_type` varchar(30) NOT NULL DEFAULT '',
  `location_now` text,
  `alert_battery_level` varchar(45) DEFAULT NULL,
  `alert_speed` varchar(45) DEFAULT NULL,
  `alert_gps_files` varchar(45) DEFAULT NULL,
  `alert_media_files` varchar(45) DEFAULT NULL,
  `direction` varchar(55) DEFAULT NULL,
  `elevation` varchar(55) DEFAULT NULL,
  `course` varchar(255) DEFAULT NULL,
  `level` varchar(10) DEFAULT NULL,
  `ip_address` text,
  `accelerometer` text,
  `device_token` text,
  `accel` varchar(150) DEFAULT NULL,
  `multiple_location_key` varchar(150) DEFAULT NULL,
  `floor` varchar(10) DEFAULT '',
  `distance` varchar(20) DEFAULT NULL,
  `distanceType` varchar(150) DEFAULT NULL,
  `event_name` varchar(150) NOT NULL DEFAULT ' ',
  `video_file_size` float DEFAULT NULL
) ENGINE=MyISAM DEFAULT CHARSET=latin1;

--
-- Dumping data for table `alert_detail`
--

INSERT INTO `alert_detail` (`alert_detail_id`, `user_id`, `alert_datetime`, `filePath`, `fileType`, `video`, `image`, `audio`, `events`, `user_code`, `status`, `client_id`, `user_name`, `lat`, `lng`, `alert_type`, `location_now`, `alert_battery_level`, `alert_speed`, `alert_gps_files`, `alert_media_files`, `direction`, `elevation`, `course`, `level`, `ip_address`, `accelerometer`, `device_token`, `accel`, `multiple_location_key`, `floor`, `distance`, `distanceType`, `event_name`, `video_file_size`) VALUES
(4485, 438, '2018-08-06 19:59', '623689-26.flv', 'video', NULL, NULL, NULL, 26, 623689, 1, 364, 'Shawn Sizer', 33.94547272, -118.40164948, '', '100 World Way Los Angeles, CA ', '99', '12', NULL, NULL, 'North', '148', '272.5', '', NULL, NULL, NULL, '', 'yVH2puH2hmCivsqGwO4G', '', '', 'meters', ' ', NULL),
(4483, 438, '2018-08-06 09:46', '623689-24.flv', 'video', NULL, NULL, NULL, 24, 623689, 1, 364, 'Shawn Sizer', 34.46242523, -119.25639343, '', '1329 Foothill Rd Ojai, CA ', '69', '0', NULL, NULL, 'East', '1129', '71.40000000000001', '', NULL, NULL, NULL, '', 'BN5Z8Q5DLKlv0fWIjpYU', '', '', 'meters', ' ', NULL),
(4482, 438, '2018-08-06 09:39', '623689-23.flv', 'video', NULL, NULL, NULL, 23, 623689, 1, 364, 'Shawn Sizer', 34.46240616, -119.25642395, '', '1329 Foothill Rd Ojai, CA ', '71', '1', NULL, NULL, 'South', '1133', '94.2', '', NULL, NULL, NULL, '', 'ZMLIJTKtJcIee6zOVUKH', '', '', 'meters', ' ', NULL),
(4776, 471, '2018-10-19 13:07', '878469-0.flv', 'video', NULL, NULL, NULL, 7, 878469, 0, 128, 'Shawn', 38.53602219, -76.58580017, '', '20 Solomons Island Rd S Prince Frederick, MD ', '-100', '0', NULL, NULL, 'West', '147', '0', '', NULL, NULL, NULL, '', 'e7GrLrryDtjfxnIKmiQM', '', '', 'miles', ' ', NULL),
(4774, 471, '2018-10-18 11:34', '878469-6.flv', 'video', NULL, NULL, NULL, 6, 878469, 0, 128, 'Shawn', 38.94743347, -77.06474304, '', '4433-4469 Connecticut Ave NW Washington, DC Forest Hills', '76', '0', NULL, NULL, 'South', '223', '0', '', NULL, NULL, NULL, '', 'GN0kt1SDd3S63jLFhRkt', '', '', 'miles', ' ', 936121),
(4775, 478, '2018-10-18 11:35', '690558-13.flv', 'video', NULL, NULL, NULL, 13, 690558, 1, 128, 'Shawn', 38.94727325, -77.06459045, '', '4433-4469 Connecticut Ave NW Washington, DC Forest Hills', '74', '0', NULL, NULL, 'South East', '212', '0', '', NULL, NULL, NULL, '', 'r9Vis5212KSrXi4l3BwO', '', '', 'meters', ' ', 2849620),
(1467, 354, '2017-11-14 02:42', '458703-1.flv', 'video', NULL, NULL, NULL, 1, 458703, 1, 350, 'Agent Tommy', 14.60790157, 121.08164978, '', ' Economia Street Quezon City, Metro Manila Bagumbayan', '81', '0', NULL, NULL, 'East', '225', '0', '', NULL, NULL, NULL, '', 'tadMaadSnZbyHDLJZ2Ed', '', '', 'miles', ' ', NULL),
(1468, 355, '2017-11-14 02:55', '581259-1.flv', 'video', NULL, NULL, NULL, 1, 581259, 0, 350, 'Transport Tommy', 14.60781765, 121.08181000, '', ' Economia Street Quezon City, Metro Manila Bagumbayan', '87', '0', NULL, NULL, 'North', '239', '0', '', NULL, NULL, NULL, '', '58fGeEz2YcZWSqAZKHDi', '', '', 'miles', ' ', NULL),
(1469, 355, '2017-11-14 03:12', '581259-2.flv', 'video', NULL, NULL, NULL, 2, 581259, 0, 350, 'Transport Tommy', 14.60796738, 121.08165741, '', ' Economia Street Quezon City, Metro Manila Bagumbayan', '94', '0', NULL, NULL, 'North West', '228', '0', '', NULL, NULL, NULL, '', 'zGQD07HHTcfgxcl8Ifl9', '', '', 'miles', ' ', NULL),
(1470, 354, '2017-11-14 03:16', '458703-2.flv', 'video', NULL, NULL, NULL, 2, 458703, 1, 350, 'Agent Tommy', 14.60772800, 121.08205414, '', ' Economia Street Quezon City, Metro Manila Bagumbayan', '95', '0', NULL, NULL, 'North', '253', '74.2', '', NULL, NULL, NULL, '', 'Gld9nWnDWZl1IzFKZctY', '', '', 'meters', ' ', NULL),
(1471, 354, '2017-11-14 03:18', '458703-3.flv', 'video', NULL, NULL, NULL, 3, 458703, 1, 350, 'Agent Tommy', 14.60788345, 121.08163452, '', ' Economia Street Quezon City, Metro Manila Bagumbayan', '95', '0', NULL, NULL, 'North', '216', '0', '', NULL, NULL, NULL, '', 'xFvpkenaNXZzv7XJ7mOb', '', '', 'meters', ' ', NULL),
(1523, 378, '2017-11-28 12:05', '329915-1.flv', 'video', NULL, NULL, NULL, 1, 329915, 0, 353, 'Transport Tommy', 14.60793591, 121.08163452, '', ' Economia Street Quezon City, Metro Manila Bagumbayan', '37', '0', NULL, NULL, 'North', '242', '0', '', NULL, NULL, NULL, '', '0aCu8JFAKwBzINN3W464', '', '', 'miles', ' ', NULL),
(4781, 471, '2018-10-20 18:58', '878469-12.flv', 'video', NULL, NULL, NULL, 12, 878469, 0, 128, 'Shawn', 38.70510101, -76.54555511, '', '8778 Chesapeake Lighthouse Dr North Beach, MD ', '93', '1', NULL, NULL, 'North West', '86', '72.40000000000001', '', NULL, NULL, NULL, '', 'j9jMxjtCN0NJ5cZhx5oW', '', '', 'miles', ' ', 899335),
(4780, 471, '2018-10-20 18:57', '878469-11.flv', 'video', NULL, NULL, NULL, 11, 878469, 0, 128, 'Shawn', 38.70506668, -76.54555511, '', '8778 Chesapeake Lighthouse Dr North Beach, MD ', '95', '0', NULL, NULL, 'North West', '107', '245.7', '', NULL, NULL, NULL, '', 'zmXunfhRpsTTu6Rk9tEP', '', '', 'miles', ' ', 1325060),
(1194, 316, '2017-10-20 13:40', '493595-7.flv', 'video', NULL, NULL, NULL, 7, 493595, 1, 315, 'test1017', 10.78454494, 106.67023468, '', ' H?m 436/27 Cách M?ng Tháng Tám Ho Chi Minh City, Ho Chi Minh City Ph??ng 11', '99', '0', NULL, NULL, 'North East', '39', '0', '', NULL, NULL, NULL, '', 'XVZGANn3UmDSoesoB5iG', '', '', 'meters', ' ', NULL),
(4484, 438, '2018-08-06 12:37', '623689-25.flv', 'video', NULL, NULL, NULL, 25, 623689, 1, 364, 'Shawn Sizer', 34.46243286, -119.25637054, '', '1329 Foothill Rd Ojai, CA ', '51', '0', NULL, NULL, 'East', '1102', '212', '', NULL, NULL, NULL, '', 'mURXK4U0GSE8LD6HWRoO', '', '', 'meters', ' ', NULL),
(4481, 438, '2018-07-28 21:33', '623689-22.flv', 'video', NULL, NULL, NULL, 22, 623689, 1, 364, 'Shawn Sizer', 34.43169022, -119.27297974, '', '11966 N Ventura Ave Ojai, CA ', '41', '3', NULL, NULL, 'North', '709', '297.8', '', NULL, NULL, NULL, '', 'EHExpemOa9eS6WxJy3kv', '', '', 'meters', ' ', NULL),
(4477, 387, '2018-07-08 17:38', '226253-3.flv', 'video', NULL, NULL, NULL, 3, 226253, 1, 208, 'agentdec09', 40.39554214, -104.69532776, '', '2543 10th Ave Greeley, CO UNC', '7', '0', NULL, NULL, 'South West', '4731', '0', '', NULL, NULL, NULL, '', '4TYFnvRgZHcRmaarWggE', '', '', 'meters', ' ', NULL),
(4479, 438, '2018-07-28 08:16', '623689-20.flv', 'video', NULL, NULL, NULL, 20, 623689, 1, 364, 'Shawn Sizer', 34.44919205, -119.24627686, '', '205 N Signal St Ojai, CA ', '75', '0', NULL, NULL, 'North East', '764', '155.7', '', NULL, NULL, NULL, '', 'X7IlzglmQHRR5xvNWenS', '', '', 'meters', ' ', NULL),
(4480, 438, '2018-07-28 16:05', '623689-21.flv', 'video', NULL, NULL, NULL, 21, 623689, 1, 364, 'Shawn Sizer', 34.44210434, -119.25856781, '', '987 W Ojai Ave Ojai, CA ', '91', '0', NULL, NULL, 'South', '805', '320.6', '', NULL, NULL, NULL, '', 'E7EUEEkULLwZHVSz8SGt', '', '', 'meters', ' ', NULL),
(1483, 363, '2017-11-14 11:27', '790723-1.flv', 'video', NULL, NULL, NULL, 1, 790723, 0, 357, 'Tranport 1', 14.30856133, 121.12236023, '', '  Santa Rosa, Laguna Caingin', '100', '0', NULL, NULL, 'North West', '29', '0', '', NULL, NULL, NULL, '', 'zIw3SI3eHOHJeGKmwCOd', '', '', 'miles', ' ', NULL),
(4773, 471, '2018-10-18 11:34', '878469-5.flv', 'video', NULL, NULL, NULL, 5, 878469, 0, 128, 'Shawn', 38.94721985, -77.06455994, '', '4433-4469 Connecticut Ave NW Washington, DC Forest Hills', '80', '0', NULL, NULL, 'South East', '229', '0', '', NULL, NULL, NULL, '', 'kNuk7HTX25CPMPKaHGxW', '', '', 'miles', ' ', 3365280),
(1482, 362, '2017-11-14 11:25', '162848-1.flv', 'video', NULL, NULL, NULL, 1, 162848, 1, 357, 'Agent 1', 14.30856037, 121.12225342, '', '  Santa Rosa, Laguna Caingin', '100', '0', NULL, NULL, 'North', '28', '0', '', NULL, NULL, NULL, '', 'GLvgN7qaD4xhFvdqF6dp', '', '', 'meters', ' ', NULL),
(4779, 471, '2018-10-20 18:52', '878469-10.flv', 'video', NULL, NULL, NULL, 10, 878469, 0, 128, 'Shawn', 38.70501709, -76.54553223, '', '8774 Chesapeake Lighthouse Dr North Beach, MD ', '97', '0', NULL, NULL, 'North', '112', '80.90000000000001', '', NULL, NULL, NULL, '', 'YLbek0xAfG4tznSHGu9a', '', '', 'miles', ' ', 2604040),
(1184, 316, '2017-10-19 01:36', '493595-1.flv', 'video', NULL, NULL, NULL, 1, 493595, 1, 315, 'test1017', 10.79089069, 106.69311523, '', ' H?m 1 Lý V?n Ph?c Ho Chi Minh City, Ho Chi Minh City P. Tân ??nh', '100', '0', NULL, NULL, 'North', '43', '0', '', NULL, NULL, NULL, '', 'LhDj8X7OcER0rIV2ZG4t', '', '', 'meters', ' ', NULL),
(1185, 316, '2017-10-19 01:47', '493595-2.flv', 'video', NULL, NULL, NULL, 2, 493595, 1, 315, 'test1017', 10.79085064, 106.69306183, '', ' H?m 1 Lý V?n Ph?c Ho Chi Minh City, Ho Chi Minh City P. Tân ??nh', '100', '0', NULL, NULL, 'North East', '43', '0', '', NULL, NULL, NULL, '', 'npVJRRbiRQAEpP00irCh', '', '', 'meters', ' ', NULL),
(1186, 316, '2017-10-19 01:50', '493595-3.flv', 'video', NULL, NULL, NULL, 3, 493595, 1, 315, 'test1017', 10.79083729, 106.69303894, '', ' H?m 1 Lý V?n Ph?c Ho Chi Minh City, Ho Chi Minh City P. Tân ??nh', '100', '0', NULL, NULL, 'North West', '43', '0', '', NULL, NULL, NULL, '', '828YP9GuyYTAtLI1ZTGh', '', '', 'meters', ' ', NULL),
(1187, 316, '2017-10-19 01:52', '493595-4.flv', 'video', NULL, NULL, NULL, 4, 493595, 1, 315, 'test1017', 10.79092503, 106.69313812, '', ' H?m 1 Lý V?n Ph?c Ho Chi Minh City, Ho Chi Minh City P. Tân ??nh', '100', '0', NULL, NULL, 'North West', '44', '0', '', NULL, NULL, NULL, '', 'sQ2ZolrFqyFfJkREiEdY', '', '', 'meters', ' ', NULL),
(1188, 316, '2017-10-19 01:54', '493595-5.flv', 'video', NULL, NULL, NULL, 5, 493595, 1, 315, 'test1017', 10.79087448, 106.69306946, '', ' H?m 1 Lý V?n Ph?c Ho Chi Minh City, Ho Chi Minh City P. Tân ??nh', '100', '0', NULL, NULL, 'South West', '44', '0', '', NULL, NULL, NULL, '', 'ey3kzp3q9inL1k2Ri57B', '', '', 'meters', ' ', NULL),
(4754, 499, '2018-10-15 19:05', '701408-0.flv', 'video', NULL, NULL, NULL, 1, 701408, 0, 230, 'Thomas Woodfin', 14.30854988, 121.12232971, '', '  Santa Rosa City, Laguna Caingin', '-100', '0', NULL, NULL, 'East', '27', '0', '', NULL, NULL, NULL, '', 'CJTkid1SukS1L7CJwEvn', '', '', 'miles', ' ', NULL),
(1192, 316, '2017-10-19 17:22', '493595-6.flv', 'video', NULL, NULL, NULL, 6, 493595, 1, 315, 'test1017', 10.78451538, 106.66988373, '', ' H?m 444 Cách M?ng Tháng Tám Ho Chi Minh City, Ho Chi Minh City Ph??ng 11', '69', '2', NULL, NULL, 'North West', '75', '279.1', '', NULL, NULL, NULL, '', 'gegWgXtfuJBRV5EiCnqd', '', '', 'meters', ' ', NULL),
(4725, 335, 'Fri Oct 12 14:06:35 GMT+08:00 2018', '955063-114.mp4', 'video', NULL, NULL, NULL, 114, 955063, 0, 208, 'Transport Tommy', 14.59000015, 121.01999664, '', '348, Bagumbayan Street, Bacood Sta Mesa, Manila, 1016 Metro Manila, Philippines, Manila', '37', '0.0', NULL, NULL, 'North', '170.6', '', NULL, NULL, NULL, NULL, NULL, '5Hs19AEp7c1d2lPNNPoD', '', '', 'miles', ' ', NULL),
(4772, 385, 'Thu Oct 18 21:38:18 GMT+08:00 2018', '526464-2.mp4', 'video', NULL, NULL, NULL, 2, 526464, 0, 208, 'Transport 2', 14.59000015, 121.01999664, '', '348, Bagumbayan Street, Bacood Sta Mesa, Manila, 1016 Metro Manila, Philippines, Manila', '44', '0.0', NULL, NULL, 'North', '170.6', '', NULL, NULL, NULL, NULL, NULL, 'th2rdBOsgFE0bjPaPgtt', '', '', 'miles', ' ', NULL),
(4455, 335, 'Sun Jul 08 02:21:14 GMT+08:00 2018', '955063-61.mp4', 'video', NULL, NULL, NULL, 61, 955063, 0, 208, 'Transport Tommy', 14.59000015, 121.01999664, '', '731 Bagumbayan, Santa Mesa, Manila, 1016 Metro Manila, Philippines, Manila', '57', '0.0', NULL, NULL, 'North', '0.0', '', NULL, NULL, NULL, NULL, NULL, 'GktLYnZGj5Vf3lq6KUbq', '', '', 'miles', ' ', NULL),
(4778, 471, '2018-10-20 15:36', '878469-9.flv', 'video', NULL, NULL, NULL, 9, 878469, 0, 128, 'Shawn', 38.94727325, -77.06451416, '', '4433-4469 Connecticut Ave NW Washington, DC Forest Hills', '87', '0', NULL, NULL, 'South East', '207', '323.1', '', NULL, NULL, NULL, '', 'xRS0Fi7f4ir4JtF8rvEo', '', '', 'miles', ' ', 6170100),
(4466, 335, 'Sun Jul 08 16:46:03 GMT+08:00 2018', '955063-72.mp4', 'video', NULL, NULL, NULL, 72, 955063, 0, 208, 'Transport Tommy', 14.59000015, 121.01999664, '', '84 Bagumbayan, Santa Mesa, Manila, 1016 Metro Manila, Philippines, Manila', '58', '0.0', NULL, NULL, 'North', '0.0', '', NULL, NULL, NULL, NULL, NULL, '9ygf9nTNTjfnHrAp0Fz5', '', '', 'miles', ' ', NULL),
(4358, 438, '2018-06-26 07:48', '623689-15.flv', 'video', NULL, NULL, NULL, 15, 623689, 1, 364, 'Shawn Sizer', 34.47906494, -117.33741760, '', '12603 Mariposa Rd Victorville, CA East Bear Valley', '78', '0', NULL, NULL, 'East', '3097', '308.7', '', NULL, NULL, NULL, '', 'JRaCGMMD9BnX2MZhq1wV', '', '', 'meters', ' ', NULL),
(4359, 437, '2018-06-26 07:53', '182680-4.flv', 'video', NULL, NULL, NULL, 4, 182680, 0, 364, 'PID', 34.47901917, -117.33741760, '', '12603 Mariposa Rd Victorville, CA East Bear Valley', '82', '1', NULL, NULL, 'North West', '3110', '218.3', '', NULL, NULL, NULL, '', 'y0xnZEon2ql0ZK84cOnH', '', '', 'miles', ' ', NULL),
(4767, 491, '2018-10-18 18:14', '500713-4.flv', 'video', NULL, NULL, NULL, 4, 500713, 1, 230, 'Tom Woodfin', 14.30846882, 121.12243652, '', '  Santa Rosa City, Laguna Caingin', '25', '0', NULL, NULL, 'North East', '29', '0', '', NULL, NULL, NULL, '', 'HofeIjMFM4YBqmg3AH0a', '', '', 'meters', ' ', 1353220),
(4768, 491, '2018-10-18 18:14', '500713-5.flv', 'video', NULL, NULL, NULL, 5, 500713, 1, 230, 'Tom Woodfin', 14.30865765, 121.12233734, '', '  Santa Rosa City, Laguna Caingin', '24', '0', NULL, NULL, 'North East', '43', '0', '', NULL, NULL, NULL, '', 'GDbhqEUxlFYI2zXo3SGB', '', '', 'meters', ' ', 821948),
(4769, 445, 'Thu Oct 18 21:23:39 GMT+08:00 2018', '116085-2.mp4', 'video', NULL, NULL, NULL, 2, 116085, 1, 208, 'Tom', 14.59000015, 121.01999664, '', '348, Bagumbayan Street, Bacood Sta Mesa, Manila, 1016 Metro Manila, Philippines, Manila', '44', '0.0', NULL, NULL, 'North', '0.0', '', NULL, NULL, NULL, NULL, NULL, 'AAtQUn8DyUDA99kWDAfg', '', '', 'miles', ' ', NULL),
(4770, 445, 'Thu Oct 18 21:24:47 GMT+08:00 2018', '116085-3.mp4', 'video', NULL, NULL, NULL, 3, 116085, 1, 208, 'Tom', 14.59000015, 121.01999664, '', '348, Bagumbayan Street, Bacood Sta Mesa, Manila, 1016 Metro Manila, Philippines, Manila', '44', '0.0', NULL, NULL, 'North', '170.6', '', NULL, NULL, NULL, NULL, NULL, 'dXOeLhxOEBOD0XJdc5hl', '', '', 'miles', ' ', NULL),
(4771, 385, 'Thu Oct 18 21:33:20 GMT+08:00 2018', '526464-1.mp4', 'video', NULL, NULL, NULL, 1, 526464, 0, 208, 'Transport 2', 14.59000015, 121.01999664, '', '348, Bagumbayan Street, Bacood Sta Mesa, Manila, 1016 Metro Manila, Philippines, Manila', '44', '0.0', NULL, NULL, 'North', '170.6', '', NULL, NULL, NULL, NULL, NULL, 'wmn5DZ1grdSerjTGnBtW', '', '', 'miles', ' ', NULL),
(4723, 335, 'Fri Oct 12 13:53:30 GMT+08:00 2018', '955063-113.mp4', 'video', NULL, NULL, NULL, 113, 955063, 0, 208, 'Transport Tommy', 14.59000015, 121.01999664, '', '348, Bagumbayan Street, Bacood Sta Mesa, Manila, 1016 Metro Manila, Philippines, Manila', '36', '0.0', NULL, NULL, 'North', '0.0', '', NULL, NULL, NULL, NULL, NULL, 'pIwkof7wUDey83Q2eFvQ', '', '', 'miles', ' ', NULL),
(4445, 335, 'Sun Jul 08 00:50:58 GMT+08:00 2018', '955063-51.mp4', 'video', NULL, NULL, NULL, 51, 955063, 0, 208, 'Transport Tommy', 14.59000015, 121.01999664, '', '84 Bagumbayan, Santa Mesa, Manila, 1016 Metro Manila, Philippines, Manila', '39', '0.0', NULL, NULL, 'North', '0.0', '', NULL, NULL, NULL, NULL, NULL, 'AcsKZUOlp7NB3wtwkskY', '', '', 'miles', ' ', NULL),
(4777, 471, '2018-10-20 12:13', '878469-8.flv', 'video', NULL, NULL, NULL, 8, 878469, 0, 128, 'Shawn', 38.70497131, -76.54549408, '', '8770 Chesapeake Lighthouse Dr North Beach, MD ', '93', '0', NULL, NULL, 'South East', '73', '224.6', '', NULL, NULL, NULL, '', 'dEaT1U9iA2RJ6a74TNOH', '', '', 'miles', ' ', 922512),
(4436, 335, 'Sat Jul 07 23:26:32 GMT+08:00 2018', '955063-42.mp4', 'video', NULL, NULL, NULL, 42, 955063, 0, 208, 'Transport Tommy', 14.59000015, 121.01999664, '', '731 Bagumbayan, Santa Mesa, Manila, 1016 Metro Manila, Philippines, Manila', '24', '0.0', NULL, NULL, 'North', '0.0', '', NULL, NULL, NULL, NULL, NULL, 'vQEJXvio4bkSvTtp9obb', '', '', 'miles', ' ', NULL),
(4437, 335, 'Sat Jul 07 23:29:39 GMT+08:00 2018', '955063-43.mp4', 'video', NULL, NULL, NULL, 43, 955063, 0, 208, 'Transport Tommy', 14.59000015, 121.01999664, '', '731 Bagumbayan, Santa Mesa, Manila, 1016 Metro Manila, Philippines, Manila', '24', '0.0', NULL, NULL, 'North', '0.0', '', NULL, NULL, NULL, NULL, NULL, '01tsGcn2jx35oTpWJprI', '', '', 'miles', ' ', NULL),
(4438, 335, 'Sat Jul 07 23:33:01 GMT+08:00 2018', '955063-44.mp4', 'video', NULL, NULL, NULL, 44, 955063, 0, 208, 'Transport Tommy', 14.59000015, 121.01999664, '', '731 Bagumbayan, Santa Mesa, Manila, 1016 Metro Manila, Philippines, Manila', '24', '0.0', NULL, NULL, 'North', '0.0', '', NULL, NULL, NULL, NULL, NULL, 'QzPk5CB7eAaXkHQuB7yq', '', '', 'miles', ' ', NULL),
(4439, 335, 'Sat Jul 07 23:36:15 GMT+08:00 2018', '955063-45.mp4', 'video', NULL, NULL, NULL, 45, 955063, 0, 208, 'Transport Tommy', 14.59000015, 121.01999664, '', '731 Bagumbayan, Santa Mesa, Manila, 1016 Metro Manila, Philippines, Manila', '24', '0.0', NULL, NULL, 'North', '169.62', '', NULL, NULL, NULL, NULL, NULL, 'C9WYDBQrL4IjSaJozPyn', '', '', 'miles', ' ', NULL),
(4440, 335, 'Sat Jul 07 23:38:56 GMT+08:00 2018', '955063-46.mp4', 'video', NULL, NULL, NULL, 46, 955063, 0, 208, 'Transport Tommy', 14.59000015, 121.01999664, '', '731 Bagumbayan, Santa Mesa, Manila, 1016 Metro Manila, Philippines, Manila', '25', '0.0', NULL, NULL, 'North', '0.0', '', NULL, NULL, NULL, NULL, NULL, '8LP057RlktIzrd6Zg8uQ', '', '', 'miles', ' ', NULL),
(4136, 383, 'Sat May 19 06:57:09 GMT+08:00 2018', '852083-8.mp4', 'video', NULL, NULL, NULL, 8, 852083, 0, 208, 'transtom1204', 14.59000015, 121.01999664, '', '731 Bagumbayan, Santa Mesa, Manila, 1016 Metro Manila, Philippines, Manila', '51', '0.0', NULL, NULL, 'North', '171.26', '', NULL, NULL, NULL, NULL, NULL, 'C4fy3va8c6v8Yc94IybT', '', '', 'miles', ' ', NULL),
(4137, 383, 'Sat May 19 06:59:08 GMT+08:00 2018', '852083-9.mp4', 'video', NULL, NULL, NULL, 9, 852083, 0, 208, 'transtom1204', 14.59000015, 121.01999664, '', '731 Bagumbayan, Santa Mesa, Manila, 1016 Metro Manila, Philippines, Manila', '49', '0.0', NULL, NULL, 'North', '171.26', '', NULL, NULL, NULL, NULL, NULL, 'IwaIFXXYJxU9rMWtPLtP', '', '', 'miles', ' ', NULL),
(4356, 438, '2018-06-15 23:41', '623689-13.flv', 'video', NULL, NULL, NULL, 13, 623689, 1, 364, 'Shawn Sizer', 35.05533600, -85.31487274, '', '190 Riverfront Pkwy Chattanooga, TN Westside', '29', '0', NULL, NULL, 'North East', '686', '346.3', '', NULL, NULL, NULL, '', 'C2kF9r5CAcS3uKQgMoPZ', '', '', 'meters', ' ', NULL),
(2520, 419, '2018-03-08 03:56', '740600-1.flv', 'video', NULL, NULL, NULL, 1, 740600, 1, 418, 'Agent Tommy', 14.60801315, 121.08168030, '', '  Quezon City, Metro Manila Bagumbayan', '17', '0', NULL, NULL, 'South West', '253', '0', '', NULL, NULL, NULL, '', 'Ly8NpLmO8AHdjQ7uFmY7', '', '', 'meters', ' ', NULL),
(4762, 499, '2018-10-16 18:40', '701408-0.flv', 'video', NULL, NULL, NULL, 2, 701408, 0, 230, 'Thomas Woodfin', 14.30851841, 121.12235260, '', '  Santa Rosa City, Laguna Caingin', '-100', '0', NULL, NULL, 'East', '33', '0', '', NULL, NULL, NULL, '', '4lCHkR9zgkYA89oDfVBp', '', '', 'miles', ' ', NULL),
(4467, 335, 'Sun Jul 08 16:47:35 GMT+08:00 2018', '955063-73.mp4', 'video', NULL, NULL, NULL, 73, 955063, 0, 208, 'Transport Tommy', 14.59000015, 121.01999664, '', '731 Bagumbayan, Santa Mesa, Manila, 1016 Metro Manila, Philippines, Manila', '58', '0.0', NULL, NULL, 'North', '0.0', '', NULL, NULL, NULL, NULL, NULL, '9wF9qF2zAI1ngEVvN49h', '', '', 'miles', ' ', NULL),
(4463, 335, 'Sun Jul 08 16:41:23 GMT+08:00 2018', '955063-69.mp4', 'video', NULL, NULL, NULL, 69, 955063, 0, 208, 'Transport Tommy', 14.59000015, 121.01999664, '', '731 Bagumbayan, Santa Mesa, Manila, 1016 Metro Manila, Philippines, Manila', '58', '0.0', NULL, NULL, 'North', '0.0', '', NULL, NULL, NULL, NULL, NULL, 'zMYISsv5Owe0PY3AFpjm', '', '', 'miles', ' ', NULL),
(4464, 335, 'Sun Jul 08 16:42:39 GMT+08:00 2018', '955063-70.mp4', 'video', NULL, NULL, NULL, 70, 955063, 0, 208, 'Transport Tommy', 14.59000015, 121.01999664, '', '84 Bagumbayan, Santa Mesa, Manila, 1016 Metro Manila, Philippines, Manila', '58', '0.0', NULL, NULL, 'North', '0.0', '', NULL, NULL, NULL, NULL, NULL, 'RNoSjodzv28OoK5W3YXB', '', '', 'miles', ' ', NULL),
(4465, 335, 'Sun Jul 08 16:44:04 GMT+08:00 2018', '955063-71.mp4', 'video', NULL, NULL, NULL, 71, 955063, 0, 208, 'Transport Tommy', 14.59000015, 121.01999664, '', '731 Bagumbayan, Santa Mesa, Manila, 1016 Metro Manila, Philippines, Manila', '58', '0.0', NULL, NULL, 'North', '169.62', '', NULL, NULL, NULL, NULL, NULL, 'yNXmy0Ap2ioDbp0aEAgP', '', '', 'miles', ' ', NULL),
(3309, 423, '2018-04-09 12:37', '556474-3.flv', 'video', NULL, NULL, NULL, 3, 556474, 1, 418, 'Sizer', 38.99026108, -76.54637909, '', '2002 Annapolis Mall Annapolis, MD ', '57', '0', NULL, NULL, 'East', '95', '0', '', NULL, NULL, NULL, '', 'pLBHpGfVJMRrnZdc3siP', '', '', 'meters', ' ', NULL),
(3310, 423, '2018-04-09 12:38', '556474-4.flv', 'video', NULL, NULL, NULL, 4, 556474, 1, 418, 'Sizer', 38.99086761, -76.54639435, '', '2002 Annapolis Mall Annapolis, MD ', '52', '0', NULL, NULL, 'South', '66', '0', '', NULL, NULL, NULL, '', 'HYkJkPNbTOxbJdWHLHLh', '', '', 'meters', ' ', NULL),
(3311, 423, '2018-04-09 12:45', '556474-5.flv', 'video', NULL, NULL, NULL, 5, 556474, 1, 418, 'Sizer', 38.99045563, -76.54621124, '', '2002 Annapolis Mall Annapolis, MD ', '47', '0', NULL, NULL, 'South East', '71', '0', '', NULL, NULL, NULL, '', 'yL1IGnhwnmtwTyl1CNfz', '', '', 'meters', ' ', NULL),
(4461, 335, 'Sun Jul 08 02:35:41 GMT+08:00 2018', '955063-67.mp4', 'video', NULL, NULL, NULL, 67, 955063, 0, 208, 'Transport Tommy', 14.59000015, 121.01999664, '', '731 Bagumbayan, Santa Mesa, Manila, 1016 Metro Manila, Philippines, Manila', '58', '0.0', NULL, NULL, 'North', '0.0', '', NULL, NULL, NULL, NULL, NULL, 'jJ2zLH7GDL9w6WHbiQU4', '', '', 'miles', ' ', NULL),
(4462, 335, 'Sun Jul 08 16:36:59 GMT+08:00 2018', '955063-68.mp4', 'video', NULL, NULL, NULL, 68, 955063, 0, 208, 'Transport Tommy', 14.59000015, 121.01999664, '', '84 Bagumbayan, Santa Mesa, Manila, 1016 Metro Manila, Philippines, Manila', '58', '0.0', NULL, NULL, 'North', '0.0', '', NULL, NULL, NULL, NULL, NULL, 'uJ6lcaz7vR6tTYwPRp9k', '', '', 'miles', ' ', NULL),
(4433, 335, 'Sat Jul 07 23:15:04 GMT+08:00 2018', '955063-39.mp4', 'video', NULL, NULL, NULL, 39, 955063, 0, 208, 'Transport Tommy', 14.59000015, 121.01999664, '', '731 Bagumbayan, Santa Mesa, Manila, 1016 Metro Manila, Philippines, Manila', '24', '0.0', NULL, NULL, 'North', '0.0', '', NULL, NULL, NULL, NULL, NULL, 'f6LBaLnti7LHRLRttD8T', '', '', 'miles', ' ', NULL),
(4313, 438, '2018-05-24 09:21', '623689-0.flv', 'video', NULL, NULL, NULL, 3, 623689, 1, 364, 'Shawn Sizer', 38.93188858, -76.56706238, '', '3168 Braverton St Edgewater, MD ', '63', '0', NULL, NULL, 'South', '65', '0', '', NULL, NULL, NULL, '', 'azVpaBKyUmtL2bSmCTNf', '', '', 'miles', ' ', NULL),
(4314, 437, '2018-05-24 09:31', '182680-2.flv', 'video', NULL, NULL, NULL, 2, 182680, 0, 364, 'PID', 38.93187332, -76.56688690, '', '3168 Braverton St Edgewater, MD ', '86', '0', NULL, NULL, 'South', '23', '0', '', NULL, NULL, NULL, '', 'dNFjyCTrJ3ld2OXRAdnj', '', '', 'miles', ' ', NULL),
(3318, 423, '2018-04-10 11:03', '556474-6.flv', 'video', NULL, NULL, NULL, 6, 556474, 1, 418, 'Sizer', 38.93161774, -76.56707001, '', '3168 Braverton St Edgewater, MD ', '96', '0', NULL, NULL, 'South West', '36', '0', '', NULL, NULL, NULL, '', 'VmRzQZphcmDcfMAdRxDv', '', '19', 'meters', ' ', NULL),
(3319, 422, '2018-04-10 11:02', '260805-0.flv', 'video', NULL, NULL, NULL, 1, 260805, 0, 418, 'Transport 1', 38.93165970, -76.56728363, '', '3217–3253 Solomons Island Rd Edgewater, MD ', '-100', '0', NULL, NULL, 'South West', '30', '0', '', NULL, NULL, NULL, '', 'U2wLNZXRWV3aVaFXoNpz', '', '', 'miles', ' ', NULL),
(4200, 383, 'Mon May 21 22:06:13 GMT+08:00 2018', '852083-14.mp4', 'video', NULL, NULL, NULL, 14, 852083, 0, 208, 'transtom1204', 14.59000015, 121.01999664, '', '731 Bagumbayan, Santa Mesa, Manila, 1016 Metro Manila, Philippines, Manila', '61', '0.0', NULL, NULL, 'North', '0.0', '', NULL, NULL, NULL, NULL, NULL, 'BNxLEAG4DHaY8t76Tsn5', '', '', 'miles', ' ', NULL),
(4434, 335, 'Sat Jul 07 23:21:28 GMT+08:00 2018', '955063-40.mp4', 'video', NULL, NULL, NULL, 40, 955063, 0, 208, 'Transport Tommy', 14.59000015, 121.01999664, '', '84 Bagumbayan, Santa Mesa, Manila, 1016 Metro Manila, Philippines, Manila', '24', '0.0', NULL, NULL, 'North', '0.0', '', NULL, NULL, NULL, NULL, NULL, 'KXOXHO7wWC3BZx7H0lHW', '', '', 'miles', ' ', NULL),
(4435, 335, 'Sat Jul 07 23:23:22 GMT+08:00 2018', '955063-41.mp4', 'video', NULL, NULL, NULL, 41, 955063, 0, 208, 'Transport Tommy', 14.59000015, 121.01999664, '', '84 Bagumbayan, Santa Mesa, Manila, 1016 Metro Manila, Philippines, Manila', '24', '0.0', NULL, NULL, 'North', '0.0', '', NULL, NULL, NULL, NULL, NULL, 'uh1eZjb8fJedqGZ3Z8gv', '', '', 'miles', ' ', NULL),
(3322, 422, '2018-04-10 13:10', '260805-2.flv', 'video', NULL, NULL, NULL, 2, 260805, 0, 418, 'Transport 1', 38.93154526, -76.56717682, '', '3168 Braverton St Edgewater, MD ', '97', '0', NULL, NULL, 'East', '31', '0', '', NULL, NULL, NULL, '', 'fR0TRbcJdfswSEU4lFtr', '', '', 'miles', ' ', NULL),
(3323, 423, '2018-04-10 13:11', '556474-7.flv', 'video', NULL, NULL, NULL, 7, 556474, 1, 418, 'Sizer', 38.93163300, -76.56706238, '', '3168 Braverton St Edgewater, MD ', '84', '0', NULL, NULL, 'South East', '21', '0', '', NULL, NULL, NULL, '', '9WMULVVAEyxeRLEWSNFf', '', '14', 'meters', ' ', NULL),
(4357, 438, '2018-06-25 18:19', '623689-14.flv', 'video', NULL, NULL, NULL, 14, 623689, 1, 364, 'Shawn Sizer', 34.47905350, -117.33746338, '', '12603 Mariposa Rd Victorville, CA East Bear Valley', '94', '0', NULL, NULL, 'North', '3109', '81.2', '', NULL, NULL, NULL, '', '2C5zMWJJ7bMw7foppLs3', '', '', 'meters', ' ', NULL),
(3325, 423, '2018-04-10 13:17', '556474-8.flv', 'video', NULL, NULL, NULL, 8, 556474, 1, 418, 'Sizer', 38.93164825, -76.56719208, '', '3217–3253 Solomons Island Rd Edgewater, MD ', '81', '0', NULL, NULL, 'North East', '34', '0', '', NULL, NULL, NULL, '', 'B9GrGFOu0NipAoXkrd5w', '', '11', 'meters', ' ', NULL),
(4459, 335, 'Sun Jul 08 02:31:09 GMT+08:00 2018', '955063-65.mp4', 'video', NULL, NULL, NULL, 65, 955063, 0, 208, 'Transport Tommy', 14.59000015, 121.01999664, '', '731 Bagumbayan, Santa Mesa, Manila, 1016 Metro Manila, Philippines, Manila', '58', '0.0', NULL, NULL, 'North', '0.0', '', NULL, NULL, NULL, NULL, NULL, '1q6IXQILl8Mjzu7ZbEPD', '', '', 'miles', ' ', NULL),
(4460, 335, 'Sun Jul 08 02:34:38 GMT+08:00 2018', '955063-66.mp4', 'video', NULL, NULL, NULL, 66, 955063, 0, 208, 'Transport Tommy', 14.59000015, 121.01999664, '', '84 Bagumbayan, Santa Mesa, Manila, 1016 Metro Manila, Philippines, Manila', '58', '0.0', NULL, NULL, 'North', '0.0', '', NULL, NULL, NULL, NULL, NULL, '47xe1YYudMhftWhsOTS3', '', '', 'miles', ' ', NULL),
(4456, 335, 'Sun Jul 08 02:22:31 GMT+08:00 2018', '955063-62.mp4', 'video', NULL, NULL, NULL, 62, 955063, 0, 208, 'Transport Tommy', 14.59000015, 121.01999664, '', '731 Bagumbayan, Santa Mesa, Manila, 1016 Metro Manila, Philippines, Manila', '57', '0.0', NULL, NULL, 'North', '0.0', '', NULL, NULL, NULL, NULL, NULL, '2TOK3itKd3yawmc0KdVm', '', '', 'miles', ' ', NULL),
(4457, 335, 'Sun Jul 08 02:28:08 GMT+08:00 2018', '955063-63.mp4', 'video', NULL, NULL, NULL, 63, 955063, 0, 208, 'Transport Tommy', 14.59000015, 121.01999664, '', '84 Bagumbayan, Santa Mesa, Manila, 1016 Metro Manila, Philippines, Manila', '58', '0.0', NULL, NULL, 'North', '0.0', '', NULL, NULL, NULL, NULL, NULL, '8IXn9HqQDyDOvlmPBJrm', '', '', 'miles', ' ', NULL),
(4454, 335, 'Sun Jul 08 02:18:59 GMT+08:00 2018', '955063-60.mp4', 'video', NULL, NULL, NULL, 60, 955063, 0, 208, 'Transport Tommy', 14.59000015, 121.01999664, '', '731 Bagumbayan, Santa Mesa, Manila, 1016 Metro Manila, Philippines, Manila', '57', '0.0', NULL, NULL, 'North', '0.0', '', NULL, NULL, NULL, NULL, NULL, '0p1O5MU1kC4XKkh1L6bV', '', '', 'miles', ' ', NULL),
(3308, 423, '2018-04-09 12:02', '556474-2.flv', 'video', NULL, NULL, NULL, 2, 556474, 1, 418, 'Sizer', 38.93184280, -76.56696320, '', '3168 Braverton St Edgewater, MD ', '44', '0', NULL, NULL, 'East', '45', '99.09999999999999', '', NULL, NULL, NULL, '', 'ugxTXFJLfzvqnpIfBEzQ', '', '', 'meters', ' ', NULL),
(4458, 335, 'Sun Jul 08 02:29:44 GMT+08:00 2018', '955063-64.mp4', 'video', NULL, NULL, NULL, 64, 955063, 0, 208, 'Transport Tommy', 14.59000015, 121.01999664, '', '84 Bagumbayan, Santa Mesa, Manila, 1016 Metro Manila, Philippines, Manila', '58', '0.0', NULL, NULL, 'North', '0.0', '', NULL, NULL, NULL, NULL, NULL, '1xPeNJsFDpRbOZ96wDbz', '', '', 'miles', ' ', NULL),
(4421, 335, 'Sat Jul 07 22:01:51 GMT+08:00 2018', '955063-27.mp4', 'video', NULL, NULL, NULL, 27, 955063, 0, 208, 'Transport Tommy', 14.59000015, 121.01999664, '', '731 Bagumbayan, Santa Mesa, Manila, 1016 Metro Manila, Philippines, Manila', '23', '0.0', NULL, NULL, 'North', '169.62', '', NULL, NULL, NULL, NULL, NULL, 'sGpk2vYlqeL8NHky8pkc', '', '', 'miles', ' ', NULL),
(4422, 335, 'Sat Jul 07 22:04:28 GMT+08:00 2018', '955063-28.mp4', 'video', NULL, NULL, NULL, 28, 955063, 0, 208, 'Transport Tommy', 14.59000015, 121.01999664, '', '84 Bagumbayan, Santa Mesa, Manila, 1016 Metro Manila, Philippines, Manila', '23', '0.0', NULL, NULL, 'North', '0.0', '', NULL, NULL, NULL, NULL, NULL, 'lQVf6N5BCmApUjSzK0PF', '', '', 'miles', ' ', NULL),
(4423, 335, 'Sat Jul 07 22:07:36 GMT+08:00 2018', '955063-29.mp4', 'video', NULL, NULL, NULL, 29, 955063, 0, 208, 'Transport Tommy', 14.59000015, 121.01999664, '', '731 Bagumbayan, Santa Mesa, Manila, 1016 Metro Manila, Philippines, Manila', '22', '0.0', NULL, NULL, 'North', '0.0', '', NULL, NULL, NULL, NULL, NULL, '2rciHMsF9MhVXTXcFCPz', '', '', 'miles', ' ', NULL),
(4424, 335, 'Sat Jul 07 22:20:06 GMT+08:00 2018', '955063-30.mp4', 'video', NULL, NULL, NULL, 30, 955063, 0, 208, 'Transport Tommy', 14.59000015, 121.01999664, '', '731 Bagumbayan, Santa Mesa, Manila, 1016 Metro Manila, Philippines, Manila', '22', '0.0', NULL, NULL, 'North', '0.0', '', NULL, NULL, NULL, NULL, NULL, 'N7i45yIU53pW5HncXSZp', '', '', 'miles', ' ', NULL),
(4425, 335, 'Sat Jul 07 22:32:36 GMT+08:00 2018', '955063-31.mp4', 'video', NULL, NULL, NULL, 31, 955063, 0, 208, 'Transport Tommy', 14.59000015, 121.01999664, '', '731 Bagumbayan, Santa Mesa, Manila, 1016 Metro Manila, Philippines, Manila', '22', '0.0', NULL, NULL, 'North', '169.62', '', NULL, NULL, NULL, NULL, NULL, 'MxPMI2E0qH9thq65nAHD', '', '', 'miles', ' ', NULL),
(4135, 383, 'Sat May 19 06:55:30 GMT+08:00 2018', '852083-7.mp4', 'video', NULL, NULL, NULL, 7, 852083, 0, 208, 'transtom1204', 14.59000015, 121.01999664, '', '731 Bagumbayan, Santa Mesa, Manila, 1016 Metro Manila, Philippines, Manila', '51', '0.0', NULL, NULL, 'North', '171.26', '', NULL, NULL, NULL, NULL, NULL, 'z4qQdEvctc5n3GIi4pEV', '', '', 'miles', ' ', NULL),
(4408, 335, 'Sat Jul 07 20:13:38 GMT+08:00 2018', '955063-14.mp4', 'video', NULL, NULL, NULL, 14, 955063, 0, 208, 'Transport Tommy', 14.59000015, 121.01999664, '', '731 Bagumbayan, Santa Mesa, Manila, 1016 Metro Manila, Philippines, Manila', '32', '0.0', NULL, NULL, 'North', '0.0', '', NULL, NULL, NULL, NULL, NULL, 'bcOsECFMDK9CNzJlrOV2', '', '', 'miles', ' ', NULL),
(4120, 383, 'Fri May 18 08:02:43 GMT+05:30 2018', '852083-6.mp4', 'video', NULL, NULL, NULL, 6, 852083, 0, 208, 'transtom1204', 28.39999962, 76.95999908, '', 'Mapsko Royale Ville, Sector 82, Gurugram, Haryana 122009, India, Gurugram', '63', '0.0', NULL, NULL, 'North', '0.0', '', NULL, NULL, NULL, NULL, NULL, 'uMVYjKdY8Nddn7nDNV9I', '', '', 'miles', ' ', NULL),
(4763, 471, '2018-10-17 19:58', '878469-3.flv', 'video', NULL, NULL, NULL, 3, 878469, 0, 128, 'Shawn', 38.70510864, -76.54553986, '', '8778 Chesapeake Lighthouse Dr North Beach, MD ', '58', '0', NULL, NULL, 'North West', '63', '162.4', '', NULL, NULL, NULL, '', 'mcff1B7po50jA1WwPs3B', '', '', 'miles', ' ', 1411060),
(4764, 471, '2018-10-17 19:59', '878469-4.flv', 'video', NULL, NULL, NULL, 4, 878469, 0, 128, 'Shawn', 38.70507812, -76.54560089, '', '8778 Chesapeake Lighthouse Dr North Beach, MD ', '51', '1', NULL, NULL, 'North', '73', '183.9', '', NULL, NULL, NULL, '', 'RnapWvs8OIX3UaZQCMZc', '', '', 'miles', ' ', 1840660),
(4691, 478, '2018-09-26 11:04', '690558-7.flv', 'video', NULL, NULL, NULL, 7, 690558, 1, 128, 'Shawn', 38.93178940, -76.56758118, '', '3217–3253 Solomons Island Rd Edgewater, MD ', '100', '4', NULL, NULL, 'South', '5', '193.4', '', NULL, NULL, NULL, '', '6Tj4NK8qzggAoBOTi6jU', '', '', 'meters', ' ', 3787750),
(4051, 383, 'Fri May 11 16:18:31 GMT+08:00 2018', '852083-3.mp4', 'video', NULL, NULL, NULL, 3, 852083, 0, 208, 'transtom1204', 14.59000015, 121.05999756, '', 'Joy-Nostalg Center, 17 ADB Ave, San Antonio, Mandaluyong, Metro Manila, Philippines, Mandaluyong', '98', '0.0', NULL, NULL, 'North', '0.0', '', NULL, NULL, NULL, NULL, NULL, 'eYT51Pz7yXHLkRakrMAi', '', '', 'miles', ' ', NULL),
(4052, 383, 'Fri May 11 16:19:09 GMT+08:00 2018', '852083-4.mp4', 'video', NULL, NULL, NULL, 4, 852083, 0, 208, 'transtom1204', 14.59000015, 121.05999756, '', 'Joy-Nostalg Center, 17 ADB Ave, San Antonio, Mandaluyong, Metro Manila, Philippines, Mandaluyong', '98', '0.0', NULL, NULL, 'North', '319.23', '', NULL, NULL, NULL, NULL, NULL, 'S5TnSIvS0byidTF9x9sq', '', '', 'miles', ' ', NULL),
(4053, 383, 'Fri May 11 16:19:44 GMT+08:00 2018', '852083-5.mp4', 'video', NULL, NULL, NULL, 5, 852083, 0, 208, 'transtom1204', 14.59000015, 121.05999756, '', 'Joy-Nostalg Center, 17 ADB Ave, San Antonio, Mandaluyong, Metro Manila, Philippines, Mandaluyong', '96', '0.0', NULL, NULL, 'North', '319.23', '', NULL, NULL, NULL, NULL, NULL, 'uu4x2JKGJQ483Yyu1bdq', '', '', 'miles', ' ', NULL),
(4766, 499, '2018-10-18 18:13', '701408-3.flv', 'video', NULL, NULL, NULL, 3, 701408, 0, 230, 'Thomas Woodfin', 14.30830383, 121.12241364, '', '  Santa Rosa City, Laguna Caingin', '27', '0', NULL, NULL, 'East', '29', '0', '', NULL, NULL, NULL, '', 'HUKA4sWWBRKWAqxQnflG', '', '', 'miles', ' ', 934036),
(4044, 383, '2018-05-10 23:24', '852083-2.flv', 'video', NULL, NULL, NULL, 2, 852083, 0, 208, 'transtom1204', 40.39569092, -104.69512939, '', '2543 10th Ave Greeley, CO UNC', '48', '0', NULL, NULL, 'South', '4731', '0', '', NULL, NULL, NULL, '', 'ChY2d0zBLeIsPA1OPIv1', '', '', 'miles', ' ', NULL),
(4761, 386, 'Tue Oct 16 11:28:09 GMT+06:00 2018', '970351-5.mp4', 'video', NULL, NULL, NULL, 5, 970351, 0, 208, 'transdec09', 23.87000084, 90.41999817, '', 'Nogoriabari Rd, Dhaka 1230, Bangladesh, Dhaka', '56', '0.0', NULL, NULL, 'North', '0.0', '', NULL, NULL, NULL, NULL, NULL, '95cCTraWPBfqpBdYzJ0t', '', '', 'miles', ' ', NULL),
(4453, 335, 'Sun Jul 08 01:10:13 GMT+08:00 2018', '955063-59.mp4', 'video', NULL, NULL, NULL, 59, 955063, 0, 208, 'Transport Tommy', 14.59000015, 121.01999664, '', '84 Bagumbayan, Santa Mesa, Manila, 1016 Metro Manila, Philippines, Manila', '40', '0.0', NULL, NULL, 'North', '0.0', '', NULL, NULL, NULL, NULL, NULL, 'w0yY9Xm68zFa3cCkeetK', '', '', 'miles', ' ', NULL),
(4350, 437, '2018-06-11 12:41', '182680-3.flv', 'video', NULL, NULL, NULL, 3, 182680, 0, 364, 'PID', 38.93150711, -76.56704712, '', '3168 Braverton St Edgewater, MD ', '100', '0', NULL, NULL, 'South West', '39', '0', '', NULL, NULL, NULL, '', 'UjtXY5DDxBgtxrkWA09m', '', '', 'miles', ' ', NULL),
(4451, 335, 'Sun Jul 08 01:07:22 GMT+08:00 2018', '955063-57.mp4', 'video', NULL, NULL, NULL, 57, 955063, 0, 208, 'Transport Tommy', 14.59000015, 121.01999664, '', '84 Bagumbayan, Santa Mesa, Manila, 1016 Metro Manila, Philippines, Manila', '40', '0.0', NULL, NULL, 'North', '0.0', '', NULL, NULL, NULL, NULL, NULL, 'nIpQT1siSTuIU7HoF7In', '', '', 'miles', ' ', NULL),
(4417, 335, 'Sat Jul 07 21:41:11 GMT+08:00 2018', '955063-23.mp4', 'video', NULL, NULL, NULL, 23, 955063, 0, 208, 'Transport Tommy', 14.59000015, 121.01999664, '', '731 Bagumbayan, Santa Mesa, Manila, 1016 Metro Manila, Philippines, Manila', '28', '0.0', NULL, NULL, 'North', '169.62', '', NULL, NULL, NULL, NULL, NULL, 'MdG4k1obuvSXVwKxddFG', '', '', 'miles', ' ', NULL),
(4036, 382, 'Fri May 11 01:32:08 GMT+08:00 2018', '567383-1.mp4', 'video', NULL, NULL, NULL, 1, 567383, 1, 208, 'agenttom1202', 14.59000015, 121.01999664, '', '731 Bagumbayan, Santa Mesa, Manila, 1016 Metro Manila, Philippines, Manila', '100', '0.0', NULL, NULL, 'North', '171.26', '', NULL, NULL, NULL, NULL, NULL, 'K7oOBmc7SvWI5GMHjd36', '', '', 'miles', ' ', NULL),
(4688, 478, '2018-09-26 07:47', '690558-6.flv', 'video', NULL, NULL, NULL, 6, 690558, 1, 128, 'Shawn', 38.72753143, -76.59945679, '', '6949–6951 Solomons Island Rd Friendship, MD ', '100', '48', NULL, NULL, 'South East', '120', '36.9', '', NULL, NULL, NULL, '', 'NjwaVJnjNs7KLUxhs3kE', '', '', 'meters', ' ', 11011600),
(4765, 478, '2018-10-17 20:01', '690558-12.flv', 'video', NULL, NULL, NULL, 12, 690558, 1, 128, 'Shawn', 38.70502472, -76.54546356, '', '8774 Chesapeake Lighthouse Dr North Beach, MD ', '49', '1', NULL, NULL, 'North', '81', '353', '', NULL, NULL, NULL, '', 'MHPLxtNP1IiNzw5YacD9', '', '', 'meters', ' ', 1736530),
(4349, 438, '2018-06-11 12:40', '623689-7.flv', 'video', NULL, NULL, NULL, 7, 623689, 1, 364, 'Shawn Sizer', 38.93186951, -76.56712341, '', '3217–3253 Solomons Island Rd Edgewater, MD ', '83', '0', NULL, NULL, 'South West', '34', '0', '', NULL, NULL, NULL, '', 'UML4iILaVshrwwLpNE7r', '', '', 'meters', ' ', NULL),
(4201, 383, '2018-09-07 23:55', '852083-0.flv', 'video', NULL, NULL, NULL, 15, 852083, 0, 208, 'transtom1204', 13.14097786, 123.75200653, '', ' Emerald Street Legazpi City, Albay Bgy. 37 - Bitano', '-100', '0', NULL, NULL, 'North East', '42', '0', '', NULL, NULL, NULL, '', 'cJzSWlWkcJJxFE6wFwXI', '', '', 'miles', ' ', NULL),
(4468, 335, 'Sun Jul 08 16:48:58 GMT+08:00 2018', '955063-74.mp4', 'video', NULL, NULL, NULL, 74, 955063, 0, 208, 'Transport Tommy', 14.59000015, 121.01999664, '', '731 Bagumbayan, Santa Mesa, Manila, 1016 Metro Manila, Philippines, Manila', '58', '0.0', NULL, NULL, 'North', '0.0', '', NULL, NULL, NULL, NULL, NULL, '0WZ2V2uZRlN4zrhK6Q5t', '', '', 'miles', ' ', NULL),
(3088, 423, '2018-04-04 12:24', '556474-0.flv', 'video', NULL, NULL, NULL, 1, 556474, 1, 418, 'Sizer', 39.23265457, -75.91602325, '', '2017 Dudley Corners Rd Crumpton, MD ', '-100', '0', NULL, NULL, 'North East', '36', '0', '', NULL, NULL, NULL, '', 'T2UqVt9HX9hPrDSXfD0y', '', '', 'miles', ' ', NULL),
(4450, 335, 'Sun Jul 08 01:06:45 GMT+08:00 2018', '955063-56.mp4', 'video', NULL, NULL, NULL, 56, 955063, 0, 208, 'Transport Tommy', 14.59000015, 121.01999664, '', '731 Bagumbayan, Santa Mesa, Manila, 1016 Metro Manila, Philippines, Manila', '40', '0.0', NULL, NULL, 'North', '0.0', '', NULL, NULL, NULL, NULL, NULL, 'ak3Lu7XNhOg3wRp09KrH', '', '', 'miles', ' ', NULL),
(4449, 335, 'Sun Jul 08 01:02:14 GMT+08:00 2018', '955063-55.mp4', 'video', NULL, NULL, NULL, 55, 955063, 0, 208, 'Transport Tommy', 14.59000015, 121.01999664, '', '84 Bagumbayan, Santa Mesa, Manila, 1016 Metro Manila, Philippines, Manila', '40', '0.0', NULL, NULL, 'North', '0.0', '', NULL, NULL, NULL, NULL, NULL, 'nmaCC4aA55JMFbyqJCnv', '', '', 'miles', ' ', NULL),
(4198, 383, 'Mon May 21 21:01:31 GMT+08:00 2018', '852083-13.mp4', 'video', NULL, NULL, NULL, 13, 852083, 0, 208, 'transtom1204', 14.59000015, 121.01999664, '', '612a Makisig, Santa Mesa, Manila, 1015 Metro Manila, Philippines, Manila', '68', '0.0', NULL, NULL, 'North', '0.0', '', NULL, NULL, NULL, NULL, NULL, 'ioDk8XnD9wwh9SaBR9Of', '', '', 'miles', ' ', NULL),
(4447, 335, 'Sun Jul 08 00:56:43 GMT+08:00 2018', '955063-53.mp4', 'video', NULL, NULL, NULL, 53, 955063, 0, 208, 'Transport Tommy', 14.59000015, 121.01999664, '', '731 Bagumbayan, Santa Mesa, Manila, 1016 Metro Manila, Philippines, Manila', '40', '0.0', NULL, NULL, 'North', '0.0', '', NULL, NULL, NULL, NULL, NULL, 'REj6B4EWDIVZDXlXCGLq', '', '', 'miles', ' ', NULL),
(4196, 383, 'Mon May 21 20:40:48 GMT+08:00 2018', '852083-12.mp4', 'video', NULL, NULL, NULL, 12, 852083, 0, 208, 'transtom1204', 14.59000015, 121.01999664, '', '731 Bagumbayan, Santa Mesa, Manila, 1016 Metro Manila, Philippines, Manila', '95', '0.0', NULL, NULL, 'North', '171.26', '', NULL, NULL, NULL, NULL, NULL, 'BqRahp6GDiE8fXrCp9xU', '', '', 'miles', ' ', NULL),
(4700, 478, '2018-10-03 11:39', '690558-8.flv', 'video', NULL, NULL, NULL, 8, 690558, 1, 128, 'Shawn', 39.09216309, -75.96535492, '', ' Blue Star Memorial Hwy Church Hill, MD ', '55', '65', NULL, NULL, 'North West', '72', '210.2', '', NULL, NULL, NULL, '', 'B6vlCSxgJ1EBPy5oq65Q', '', '', 'meters', ' ', 19075400),
(4444, 335, 'Sun Jul 08 00:49:42 GMT+08:00 2018', '955063-50.mp4', 'video', NULL, NULL, NULL, 50, 955063, 0, 208, 'Transport Tommy', 14.59000015, 121.01999664, '', '84 Bagumbayan, Santa Mesa, Manila, 1016 Metro Manila, Philippines, Manila', '39', '0.0', NULL, NULL, 'North', '0.0', '', NULL, NULL, NULL, NULL, NULL, '1jFwqe1S1w567DW937sI', '', '', 'miles', ' ', NULL),
(4448, 335, 'Sun Jul 08 01:01:37 GMT+08:00 2018', '955063-54.mp4', 'video', NULL, NULL, NULL, 54, 955063, 0, 208, 'Transport Tommy', 14.59000015, 121.01999664, '', '731 Bagumbayan, Santa Mesa, Manila, 1016 Metro Manila, Philippines, Manila', '40', '0.0', NULL, NULL, 'North', '0.0', '', NULL, NULL, NULL, NULL, NULL, 'ub1bBsJXw82XrLg0eINd', '', '', 'miles', ' ', NULL),
(4446, 335, 'Sun Jul 08 00:53:28 GMT+08:00 2018', '955063-52.mp4', 'video', NULL, NULL, NULL, 52, 955063, 0, 208, 'Transport Tommy', 14.59000015, 121.01999664, '', '731 Bagumbayan, Santa Mesa, Manila, 1016 Metro Manila, Philippines, Manila', '40', '0.0', NULL, NULL, 'North', '0.0', '', NULL, NULL, NULL, NULL, NULL, '3sZ6SsKaKkT9b9XGHb0v', '', '', 'miles', ' ', NULL),
(4759, 386, 'Tue Oct 16 11:05:50 GMT+06:00 2018', '970351-3.mp4', 'video', NULL, NULL, NULL, 3, 970351, 0, 208, 'transdec09', 23.87000084, 90.41999817, '', 'Nogoriabari Rd, Dhaka 1230, Bangladesh, Dhaka', '60', '0.0', NULL, NULL, 'North', '0.0', '', NULL, NULL, NULL, NULL, NULL, '9BgqkchERW3TDrDeIJKq', '', '', 'miles', ' ', NULL),
(4442, 335, 'Sat Jul 07 23:44:23 GMT+08:00 2018', '955063-48.mp4', 'video', NULL, NULL, NULL, 48, 955063, 0, 208, 'Transport Tommy', 14.59000015, 121.01999664, '', '84 Bagumbayan, Santa Mesa, Manila, 1016 Metro Manila, Philippines, Manila', '25', '0.0', NULL, NULL, 'North', '0.0', '', NULL, NULL, NULL, NULL, NULL, 'jB8EkUuz60wIaoLpA4Yj', '', '', 'miles', ' ', NULL),
(4443, 335, 'Sun Jul 08 00:47:33 GMT+08:00 2018', '955063-49.mp4', 'video', NULL, NULL, NULL, 49, 955063, 0, 208, 'Transport Tommy', 14.59000015, 121.01999664, '', '84 Bagumbayan, Santa Mesa, Manila, 1016 Metro Manila, Philippines, Manila', '39', '0.0', NULL, NULL, 'North', '0.0', '', NULL, NULL, NULL, NULL, NULL, 'QDcYaVNmz3Z2BVxmTJM8', '', '', 'miles', ' ', NULL),
(4406, 335, 'Sat Jul 07 20:06:21 GMT+08:00 2018', '955063-12.mp4', 'video', NULL, NULL, NULL, 12, 955063, 0, 208, 'Transport Tommy', 14.59000015, 121.01999664, '', '731 Bagumbayan, Santa Mesa, Manila, 1016 Metro Manila, Philippines, Manila', '33', '0.0', NULL, NULL, 'North', '0.0', '', NULL, NULL, NULL, NULL, NULL, '7WLsKJuxIRY8xDOfNFbD', '', '', 'miles', ' ', NULL),
(4418, 335, 'Sat Jul 07 21:44:57 GMT+08:00 2018', '955063-24.mp4', 'video', NULL, NULL, NULL, 24, 955063, 0, 208, 'Transport Tommy', 14.59000015, 121.01999664, '', '731 Bagumbayan, Santa Mesa, Manila, 1016 Metro Manila, Philippines, Manila', '28', '0.0', NULL, NULL, 'North', '0.0', '', NULL, NULL, NULL, NULL, NULL, '4flKMcVJUi4FvlhqsGSR', '', '', 'miles', ' ', NULL),
(4760, 386, 'Tue Oct 16 11:13:41 GMT+06:00 2018', '970351-4.mp4', 'video', NULL, NULL, NULL, 4, 970351, 0, 208, 'transdec09', 23.87000084, 90.41999817, '', 'Nogoriabari Rd, Dhaka 1230, Bangladesh, Dhaka', '59', '0.0', NULL, NULL, 'North', '0.0', '', NULL, NULL, NULL, NULL, NULL, 'tJckx4l2qtWKYZOSLfK0', '', '', 'miles', ' ', NULL),
(4687, 478, '2018-09-25 16:17', '690558-5.flv', 'video', NULL, NULL, NULL, 5, 690558, 1, 128, 'Shawn', 38.93178177, -76.56698608, '', '3168 Braverton St Edgewater, MD ', '79', '1', NULL, NULL, 'South West', '33', '121.6', '', NULL, NULL, NULL, '', 'Does581HlmK9k5QcmG4H', '', '', 'meters', ' ', 1121100),
(4441, 335, 'Sat Jul 07 23:41:50 GMT+08:00 2018', '955063-47.mp4', 'video', NULL, NULL, NULL, 47, 955063, 0, 208, 'Transport Tommy', 14.59000015, 121.01999664, '', '731 Bagumbayan, Santa Mesa, Manila, 1016 Metro Manila, Philippines, Manila', '25', '0.0', NULL, NULL, 'North', '169.62', '', NULL, NULL, NULL, NULL, NULL, 'OKA6uqxZVHg8O5KylhX0', '', '', 'miles', ' ', NULL),
(4020, 383, 'Wed May 09 20:42:21 GMT+08:00 2018', '852083-1.mp4', 'video', NULL, NULL, NULL, 1, 852083, 0, 208, 'transtom1204', 14.59000015, 121.01999664, '', '731 Bagumbayan, Santa Mesa, Manila, 1016 Metro Manila, Philippines, Manila', '45', '0.0', NULL, NULL, 'North', '171.26', '', NULL, NULL, NULL, NULL, NULL, 'V7eyN4ueKHHCDB56HAAu', '', '', 'miles', ' ', NULL),
(4409, 335, 'Sat Jul 07 20:38:35 GMT+08:00 2018', '955063-15.mp4', 'video', NULL, NULL, NULL, 15, 955063, 0, 208, 'Transport Tommy', 14.59000015, 121.01999664, '', '731 Bagumbayan, Santa Mesa, Manila, 1016 Metro Manila, Philippines, Manila', '29', '0.0', NULL, NULL, 'North', '0.0', '', NULL, NULL, NULL, NULL, NULL, '4CFwhQGl4Dabfw9XThlB', '', '', 'miles', ' ', NULL),
(4427, 335, 'Sat Jul 07 22:49:46 GMT+08:00 2018', '955063-33.mp4', 'video', NULL, NULL, NULL, 33, 955063, 0, 208, 'Transport Tommy', 14.59000015, 121.01999664, '', '731 Bagumbayan, Santa Mesa, Manila, 1016 Metro Manila, Philippines, Manila', '23', '0.0', NULL, NULL, 'North', '0.0', '', NULL, NULL, NULL, NULL, NULL, 'NhIRMTMOHddSRspDyQk4', '', '', 'miles', ' ', NULL),
(4428, 335, 'Sat Jul 07 22:54:51 GMT+08:00 2018', '955063-34.mp4', 'video', NULL, NULL, NULL, 34, 955063, 0, 208, 'Transport Tommy', 14.59000015, 121.01999664, '', '731 Bagumbayan, Santa Mesa, Manila, 1016 Metro Manila, Philippines, Manila', '23', '0.0', NULL, NULL, 'North', '0.0', '', NULL, NULL, NULL, NULL, NULL, 'iMFr1OawflRRrwkAJ9nJ', '', '', 'miles', ' ', NULL),
(4429, 335, 'Sat Jul 07 23:01:12 GMT+08:00 2018', '955063-35.mp4', 'video', NULL, NULL, NULL, 35, 955063, 0, 208, 'Transport Tommy', 14.59000015, 121.01999664, '', '731 Bagumbayan, Santa Mesa, Manila, 1016 Metro Manila, Philippines, Manila', '25', '0.0', NULL, NULL, 'North', '0.0', '', NULL, NULL, NULL, NULL, NULL, 'P01fE9nhJsDIldtu0wb9', '', '', 'miles', ' ', NULL),
(4755, 471, '2018-10-15 15:31', '878469-2.flv', 'video', NULL, NULL, NULL, 2, 878469, 0, 128, 'Shawn', 34.44776917, -119.24384308, '', '331 E Ojai Ave Ojai, CA ', '43', '1', NULL, NULL, 'East', '740', '137.1', '', NULL, NULL, NULL, '', 'GvA2vw4FzMDmbvaBOgFf', '', '', 'miles', ' ', 1010250),
(4430, 335, 'Sat Jul 07 23:02:57 GMT+08:00 2018', '955063-36.mp4', 'video', NULL, NULL, NULL, 36, 955063, 0, 208, 'Transport Tommy', 14.59000015, 121.01999664, '', '84 Bagumbayan, Santa Mesa, Manila, 1016 Metro Manila, Philippines, Manila', '25', '0.0', NULL, NULL, 'North', '0.0', '', NULL, NULL, NULL, NULL, NULL, 'srGdd3zvShdGc1CBOnlS', '', '', 'miles', ' ', NULL),
(4431, 335, 'Sat Jul 07 23:03:56 GMT+08:00 2018', '955063-37.mp4', 'video', NULL, NULL, NULL, 37, 955063, 0, 208, 'Transport Tommy', 14.59000015, 121.01999664, '', '84 Bagumbayan, Santa Mesa, Manila, 1016 Metro Manila, Philippines, Manila', '25', '0.0', NULL, NULL, 'North', '0.0', '', NULL, NULL, NULL, NULL, NULL, 'ZRN3m1wcxqXSWFr4zyDX', '', '', 'miles', ' ', NULL),
(4432, 335, 'Sat Jul 07 23:05:04 GMT+08:00 2018', '955063-38.mp4', 'video', NULL, NULL, NULL, 38, 955063, 0, 208, 'Transport Tommy', 14.59000015, 121.01999664, '', '84 Bagumbayan, Santa Mesa, Manila, 1016 Metro Manila, Philippines, Manila', '25', '0.0', NULL, NULL, 'North', '0.0', '', NULL, NULL, NULL, NULL, NULL, '0NtKZ61LBOeQj5eMsn4y', '', '', 'miles', ' ', NULL),
(4310, 438, '2018-05-24 09:11', '623689-1.flv', 'video', NULL, NULL, NULL, 1, 623689, 1, 364, 'Shawn Sizer', 38.93193817, -76.56716919, '', '3217–3253 Solomons Island Rd Edgewater, MD ', '75', '0', NULL, NULL, 'South West', '31', '98.40000000000001', '', NULL, NULL, NULL, '', 'bGHLCwhTB3I4RD9HoZgU', '', '', 'meters', ' ', NULL),
(4311, 438, '2018-05-24 09:21', '623689-2.flv', 'video', NULL, NULL, NULL, 2, 623689, 1, 364, 'Shawn Sizer', 38.93188858, -76.56706238, '', '3168 Braverton St Edgewater, MD ', '63', '0', NULL, NULL, 'South West', '62', '0', '', NULL, NULL, NULL, '', 'Xrf8kOXd896vzLXekIjZ', '', '32', 'meters', ' ', NULL),
(4452, 335, 'Sun Jul 08 01:08:15 GMT+08:00 2018', '955063-58.mp4', 'video', NULL, NULL, NULL, 58, 955063, 0, 208, 'Transport Tommy', 14.59000015, 121.01999664, '', '84 Bagumbayan, Santa Mesa, Manila, 1016 Metro Manila, Philippines, Manila', '40', '0.0', NULL, NULL, 'North', '0.0', '', NULL, NULL, NULL, NULL, NULL, 'PQACKygVuSWKT4FUK1sK', '', '', 'miles', ' ', NULL),
(4146, 383, 'Sat May 19 07:17:28 GMT+08:00 2018', '852083-11.mp4', 'video', NULL, NULL, NULL, 11, 852083, 0, 208, 'transtom1204', 14.59000015, 121.01999664, '', '731 Bagumbayan, Santa Mesa, Manila, 1016 Metro Manila, Philippines, Manila', '42', '0.0', NULL, NULL, 'North', '0.0', '', NULL, NULL, NULL, NULL, NULL, 'pdo0BOy98wrJEH31TmXZ', '', '', 'miles', ' ', NULL),
(4683, 478, '2018-09-25 16:13', '690558-3.flv', 'video', NULL, NULL, NULL, 3, 690558, 1, 128, 'Shawn', 38.93177414, -76.56712341, '', '3168 Braverton St Edgewater, MD ', '86', '0', NULL, NULL, 'South West', '31', '0', '', NULL, NULL, NULL, '', 'brfLCS1B9EbEEIjX8Hvu', '', '', 'meters', ' ', 2398780),
(4684, 478, '2018-09-25 16:14', '690558-4.flv', 'video', NULL, NULL, NULL, 4, 690558, 1, 128, 'Shawn', 38.93195343, -76.56687164, '', '3168 Braverton St Edgewater, MD ', '83', '1', NULL, NULL, 'South West', '47', '86.8', '', NULL, NULL, NULL, '', 'VPhF97Tmri29zxwscLqi', '', '', 'meters', ' ', 1554650),
(4426, 335, 'Sat Jul 07 22:47:34 GMT+08:00 2018', '955063-32.mp4', 'video', NULL, NULL, NULL, 32, 955063, 0, 208, 'Transport Tommy', 14.59000015, 121.01999664, '', '731 Bagumbayan, Santa Mesa, Manila, 1016 Metro Manila, Philippines, Manila', '23', '0.0', NULL, NULL, 'North', '0.0', '', NULL, NULL, NULL, NULL, NULL, 'KGd4MY6G2tA1hdwe8RnE', '', '', 'miles', ' ', NULL);
INSERT INTO `alert_detail` (`alert_detail_id`, `user_id`, `alert_datetime`, `filePath`, `fileType`, `video`, `image`, `audio`, `events`, `user_code`, `status`, `client_id`, `user_name`, `lat`, `lng`, `alert_type`, `location_now`, `alert_battery_level`, `alert_speed`, `alert_gps_files`, `alert_media_files`, `direction`, `elevation`, `course`, `level`, `ip_address`, `accelerometer`, `device_token`, `accel`, `multiple_location_key`, `floor`, `distance`, `distanceType`, `event_name`, `video_file_size`) VALUES
(4420, 335, 'Sat Jul 07 21:58:50 GMT+08:00 2018', '955063-26.mp4', 'video', NULL, NULL, NULL, 26, 955063, 0, 208, 'Transport Tommy', 14.59000015, 121.01999664, '', '731 Bagumbayan, Santa Mesa, Manila, 1016 Metro Manila, Philippines, Manila', '24', '0.0', NULL, NULL, 'North', '0.0', '', NULL, NULL, NULL, NULL, NULL, 'we9JDLnjta86HjoERAnF', '', '', 'miles', ' ', NULL),
(4419, 335, 'Sat Jul 07 21:53:23 GMT+08:00 2018', '955063-25.mp4', 'video', NULL, NULL, NULL, 25, 955063, 0, 208, 'Transport Tommy', 14.59000015, 121.01999664, '', '731 Bagumbayan, Santa Mesa, Manila, 1016 Metro Manila, Philippines, Manila', '25', '0.0', NULL, NULL, 'North', '169.62', '', NULL, NULL, NULL, NULL, NULL, 'CHW0zT4vtDdw528QJKif', '', '', 'miles', ' ', NULL),
(4415, 335, 'Sat Jul 07 21:22:26 GMT+08:00 2018', '955063-21.mp4', 'video', NULL, NULL, NULL, 21, 955063, 0, 208, 'Transport Tommy', 14.59000015, 121.01999664, '', '84 Bagumbayan, Santa Mesa, Manila, 1016 Metro Manila, Philippines, Manila', '28', '0.0', NULL, NULL, 'North', '0.0', '', NULL, NULL, NULL, NULL, NULL, 'TnBSoMsxDxoOr2b2PetL', '', '', 'miles', ' ', NULL),
(4416, 335, 'Sat Jul 07 21:34:49 GMT+08:00 2018', '955063-22.mp4', 'video', NULL, NULL, NULL, 22, 955063, 0, 208, 'Transport Tommy', 14.59000015, 121.01999664, '', '731 Bagumbayan, Santa Mesa, Manila, 1016 Metro Manila, Philippines, Manila', '28', '0.0', NULL, NULL, 'North', '169.62', '', NULL, NULL, NULL, NULL, NULL, '06TIQEOmzYHnXfkT5Fou', '', '', 'miles', ' ', NULL),
(4318, 438, '2018-05-24 11:27', '623689-4.flv', 'video', NULL, NULL, NULL, 4, 623689, 1, 364, 'Shawn Sizer', 38.93180084, -76.56724548, '', '3217–3253 Solomons Island Rd Edgewater, MD ', '88', '0', NULL, NULL, 'South', '18', '325.5', '', NULL, NULL, NULL, '', 'O4GSsOERpPyY6SUlklI7', '', '', 'meters', ' ', NULL),
(4414, 335, 'Sat Jul 07 20:58:16 GMT+08:00 2018', '955063-20.mp4', 'video', NULL, NULL, NULL, 20, 955063, 0, 208, 'Transport Tommy', 14.59000015, 121.01999664, '', '731 Bagumbayan, Santa Mesa, Manila, 1016 Metro Manila, Philippines, Manila', '27', '0.0', NULL, NULL, 'North', '0.0', '', NULL, NULL, NULL, NULL, NULL, 'tHlZiizZYzOizTdfW3Sa', '', '', 'miles', ' ', NULL),
(4312, 437, '2018-05-24 09:26', '182680-1.flv', 'video', NULL, NULL, NULL, 1, 182680, 0, 364, 'PID', 38.93187332, -76.56681824, '', '3168 Braverton St Edgewater, MD ', '89', '0', NULL, NULL, 'South', '35', '0', '', NULL, NULL, NULL, '', 'Quar2UYfa9UVJHc2k1el', '', '', 'miles', ' ', NULL),
(4410, 335, 'Sat Jul 07 20:46:35 GMT+08:00 2018', '955063-16.mp4', 'video', NULL, NULL, NULL, 16, 955063, 0, 208, 'Transport Tommy', 14.59000015, 121.01999664, '', '731 Bagumbayan, Santa Mesa, Manila, 1016 Metro Manila, Philippines, Manila', '27', '0.0', NULL, NULL, 'North', '0.0', '', NULL, NULL, NULL, NULL, NULL, 'xAfqBVJNMBkKN1WhBu8M', '', '', 'miles', ' ', NULL),
(4411, 335, 'Sat Jul 07 20:52:57 GMT+08:00 2018', '955063-17.mp4', 'video', NULL, NULL, NULL, 17, 955063, 0, 208, 'Transport Tommy', 14.59000015, 121.01999664, '', '731 Bagumbayan, Santa Mesa, Manila, 1016 Metro Manila, Philippines, Manila', '27', '0.0', NULL, NULL, 'North', '0.0', '', NULL, NULL, NULL, NULL, NULL, 'wutIahOdwrK1PUHQRNao', '', '', 'miles', ' ', NULL),
(4412, 335, 'Sat Jul 07 20:54:04 GMT+08:00 2018', '955063-18.mp4', 'video', NULL, NULL, NULL, 18, 955063, 0, 208, 'Transport Tommy', 14.59000015, 121.01999664, '', '731 Bagumbayan, Santa Mesa, Manila, 1016 Metro Manila, Philippines, Manila', '27', '0.0', NULL, NULL, 'North', '0.0', '', NULL, NULL, NULL, NULL, NULL, 'AFyKr1V3hmRlWlOBNIJx', '', '', 'miles', ' ', NULL),
(4407, 335, 'Sat Jul 07 20:09:57 GMT+08:00 2018', '955063-13.mp4', 'video', NULL, NULL, NULL, 13, 955063, 0, 208, 'Transport Tommy', 14.59000015, 121.01999664, '', '84 Bagumbayan, Santa Mesa, Manila, 1016 Metro Manila, Philippines, Manila', '33', '0.0', NULL, NULL, 'North', '0.0', '', NULL, NULL, NULL, NULL, NULL, 'o3SCETQGCCgcHsqFhHOL', '', '', 'miles', ' ', NULL),
(4140, 383, 'Sat May 19 07:12:25 GMT+08:00 2018', '852083-10.mp4', 'video', NULL, NULL, NULL, 10, 852083, 0, 208, 'transtom1204', 14.59000015, 121.01999664, '', '731 Bagumbayan, Santa Mesa, Manila, 1016 Metro Manila, Philippines, Manila', '45', '0.0', NULL, NULL, 'North', '171.26', '', NULL, NULL, NULL, NULL, NULL, 'UIfEUVjP1FWaezBWo4HY', '', '', 'miles', ' ', NULL),
(4413, 335, 'Sat Jul 07 20:56:27 GMT+08:00 2018', '955063-19.mp4', 'video', NULL, NULL, NULL, 19, 955063, 0, 208, 'Transport Tommy', 14.59000015, 121.01999664, '', '731 Bagumbayan, Santa Mesa, Manila, 1016 Metro Manila, Philippines, Manila', '27', '0.0', NULL, NULL, 'North', '0.0', '', NULL, NULL, NULL, NULL, NULL, 'vbPvzqxee9ITtMZbVDKP', '', '', 'miles', ' ', NULL),
(4682, 478, '2018-09-25 11:48', '690558-0.flv', 'video', NULL, NULL, NULL, 2, 690558, 1, 128, 'Shawn', 38.93183136, -76.56721497, '', '3217–3253 Solomons Island Rd Edgewater, MD ', '72', '0', NULL, NULL, 'South', '49', '296.7', '', NULL, NULL, NULL, '', 'i2xYupQbiSEyS7VOhYw8', '', '', 'miles', ' ', NULL),
(4405, 335, 'Sat Jul 07 19:58:13 GMT+08:00 2018', '955063-11.mp4', 'video', NULL, NULL, NULL, 11, 955063, 0, 208, 'Transport Tommy', 14.59000015, 121.01999664, '', '731 Bagumbayan, Santa Mesa, Manila, 1016 Metro Manila, Philippines, Manila', '36', '0.0', NULL, NULL, 'North', '0.0', '', NULL, NULL, NULL, NULL, NULL, 'HtGBIGwMmY21hNOvheD8', '', '', 'miles', ' ', NULL),
(4362, 438, '2018-06-26 14:33', '623689-17.flv', 'video', NULL, NULL, NULL, 17, 623689, 1, 364, 'Shawn Sizer', 34.56806564, -117.40014648, '', '17499 Adelanto Rd Adelanto, CA ', '89', '1', NULL, NULL, 'East', '2905', '208.8', '', NULL, NULL, NULL, '', 'jn3Jj6oct3zNJuGK1APk', '', '', 'meters', ' ', NULL),
(4404, 335, 'Sat Jul 07 19:54:58 GMT+08:00 2018', '955063-10.mp4', 'video', NULL, NULL, NULL, 10, 955063, 0, 208, 'Transport Tommy', 14.59000015, 121.01999664, '', '731 Bagumbayan, Santa Mesa, Manila, 1016 Metro Manila, Philippines, Manila', '37', '0.0', NULL, NULL, 'North', '0.0', '', NULL, NULL, NULL, NULL, NULL, 'KEYvQJWUcjIcSonhrQF5', '', '', 'miles', ' ', NULL),
(4402, 335, 'Sat Jul 07 19:53:56 GMT+08:00 2018', '955063-8.mp4', 'video', NULL, NULL, NULL, 8, 955063, 0, 208, 'Transport Tommy', 14.59000015, 121.01999664, '', '731 Bagumbayan, Santa Mesa, Manila, 1016 Metro Manila, Philippines, Manila', '37', '0.0', NULL, NULL, 'North', '0.0', '', NULL, NULL, NULL, NULL, NULL, 'n0Ugn8veo3JJjNWVDPP6', '', '', 'miles', ' ', NULL),
(4361, 438, '2018-06-26 07:53', '623689-16.flv', 'video', NULL, NULL, NULL, 16, 623689, 1, 364, 'Shawn Sizer', 34.47903824, -117.33744812, '', '12603 Mariposa Rd Victorville, CA East Bear Valley', '77', '1', NULL, NULL, 'North', '3112', '111.4', '', NULL, NULL, NULL, '', 'HSsalgl6nhq5F3Ij0rEA', '', '3', 'meters', ' ', NULL),
(4403, 335, 'Sat Jul 07 19:54:35 GMT+08:00 2018', '955063-9.mp4', 'video', NULL, NULL, NULL, 9, 955063, 0, 208, 'Transport Tommy', 14.59000015, 121.01999664, '', '731 Bagumbayan, Santa Mesa, Manila, 1016 Metro Manila, Philippines, Manila', '37', '0.0', NULL, NULL, 'North', '0.0', '', NULL, NULL, NULL, NULL, NULL, 'lnnPAvmQORZTwajbCDJu', '', '', 'miles', ' ', NULL),
(4360, 437, '2018-06-26 07:54', '182680-5.flv', 'video', NULL, NULL, NULL, 5, 182680, 0, 364, 'PID', 34.47901154, -117.33744049, '', '12603 Mariposa Rd Victorville, CA East Bear Valley', '76', '0', NULL, NULL, 'North', '3108', '0', '', NULL, NULL, NULL, '', 'pZYOGJK39IniPSibFFlR', '', '', 'miles', ' ', NULL),
(4351, 438, '2018-06-11 12:41', '623689-8.flv', 'video', NULL, NULL, NULL, 8, 623689, 1, 364, 'Shawn Sizer', 38.93177414, -76.56705475, '', '3168 Braverton St Edgewater, MD ', '83', '0', NULL, NULL, 'South West', '33', '0', '', NULL, NULL, NULL, '', 'aMw1b5DlNu6dxtZARCaS', '', '30', 'meters', ' ', NULL),
(4353, 438, '2018-06-15 21:36', '623689-10.flv', 'video', NULL, NULL, NULL, 10, 623689, 1, 364, 'Shawn Sizer', 35.05632782, -85.31291199, '', '101 Riverfront Pkwy Chattanooga, TN Downtown', '79', '0', NULL, NULL, 'South', '646', '0', '', NULL, NULL, NULL, '', 'ckzZBUxmfHxjGVJhiYbx', '', '', 'meters', ' ', NULL),
(4354, 438, '2018-06-15 21:41', '623689-11.flv', 'video', NULL, NULL, NULL, 11, 623689, 1, 364, 'Shawn Sizer', 35.05632782, -85.31287384, '', '101 Riverfront Pkwy Chattanooga, TN Downtown', '77', '0', NULL, NULL, 'South East', '662', '0', '', NULL, NULL, NULL, '', 'zKfMgsgNlHvodH7mMUAA', '', '', 'meters', ' ', NULL),
(4355, 438, '2018-06-15 23:37', '623689-12.flv', 'video', NULL, NULL, NULL, 12, 623689, 1, 364, 'Shawn Sizer', 35.05540466, -85.31480408, '', '190 Riverfront Pkwy Chattanooga, TN Westside', '33', '0', NULL, NULL, 'East', '681', '33', '', NULL, NULL, NULL, '', 'tXgP0TcPUg2blVkwGNAV', '', '', 'meters', ' ', NULL),
(4352, 438, '2018-06-14 16:58', '623689-9.flv', 'video', NULL, NULL, NULL, 9, 623689, 1, 364, 'Shawn Sizer', 35.05418777, -85.32033539, '', '495 Riverfront Pkwy Chattanooga, TN Westside', '96', '2', NULL, NULL, 'North East', '664', '325.9', '', NULL, NULL, NULL, '', '8unH8n2lEFtHnLtDb1fL', '', '', 'meters', ' ', NULL),
(4343, 438, '2018-05-25 09:11', '623689-5.flv', 'video', NULL, NULL, NULL, 5, 623689, 1, 364, 'Shawn Sizer', 38.98525238, -76.50644684, '', '550 Taylor Ave Annapolis, MD ', '76', '0', NULL, NULL, 'North East', '59', '3.2', '', NULL, NULL, NULL, '', 'bB4y11292MMTORPcLUNq', '', '', 'meters', ' ', NULL),
(4344, 438, '2018-05-25 09:52', '623689-6.flv', 'video', NULL, NULL, NULL, 6, 623689, 1, 364, 'Shawn Sizer', 38.98510742, -76.50640106, '', '550 Taylor Ave Annapolis, MD ', '82', '0', NULL, NULL, 'North West', '84', '24.6', '', NULL, NULL, NULL, '', 'Bd7jlFE1Qof63KzrTy4c', '', '', 'meters', ' ', NULL),
(4400, 335, 'Sat Jul 07 19:47:05 GMT+08:00 2018', '955063-6.mp4', 'video', NULL, NULL, NULL, 6, 955063, 0, 208, 'Transport Tommy', 14.59000015, 121.01999664, '', '731 Bagumbayan, Santa Mesa, Manila, 1016 Metro Manila, Philippines, Manila', '38', '0.0', NULL, NULL, 'North', '169.62', '', NULL, NULL, NULL, NULL, NULL, 'GOyPs7OmeFg1YwoPO2qE', '', '', 'miles', ' ', NULL),
(4401, 335, 'Sat Jul 07 19:51:48 GMT+08:00 2018', '955063-7.mp4', 'video', NULL, NULL, NULL, 7, 955063, 0, 208, 'Transport Tommy', 14.59000015, 121.01999664, '', '84 Bagumbayan, Santa Mesa, Manila, 1016 Metro Manila, Philippines, Manila', '38', '0.0', NULL, NULL, 'North', '0.0', '', NULL, NULL, NULL, NULL, NULL, 'LPPE7dHyb9TVmXEUFMqP', '', '', 'miles', ' ', NULL),
(4757, 386, 'Tue Oct 16 11:03:52 GMT+06:00 2018', '970351-1.mp4', 'video', NULL, NULL, NULL, 1, 970351, 0, 208, 'transdec09', 0.00000000, 0.00000000, '', '', '61', '0.0', NULL, NULL, '', '0.0', '', NULL, NULL, NULL, NULL, NULL, 'EvXnT0sOI4dUr9TqVvUA', '', '', 'miles', ' ', NULL),
(4681, 478, '2018-09-25 11:48', '690558-1.flv', 'video', NULL, NULL, NULL, 1, 690558, 1, 128, 'Shawn', 38.93183136, -76.56721497, '', '3217–3253 Solomons Island Rd Edgewater, MD ', '72', '0', NULL, NULL, 'South West', '48', '296.7', '', NULL, NULL, NULL, '', 'yZOO5hSQLDb3sfr0H85H', '', '', 'meters', ' ', 2934730),
(4758, 386, 'Tue Oct 16 11:05:03 GMT+06:00 2018', '970351-2.mp4', 'video', NULL, NULL, NULL, 2, 970351, 0, 208, 'transdec09', 23.87000084, 90.41999817, '', 'Nogoriabari Rd, Dhaka 1230, Bangladesh, Dhaka', '61', '0.0', NULL, NULL, 'North', '0.0', '', NULL, NULL, NULL, NULL, NULL, 'CzYezX8hpT9a8EXzz6np', '', '', 'miles', ' ', NULL),
(4367, 384, '2018-07-04 18:54', '507591-1.flv', 'video', NULL, NULL, NULL, 1, 507591, 1, 208, 'Agent 2', 14.30852318, 121.12239838, '', '  Santa Rosa City, Laguna Caingin', '61', '1', NULL, NULL, 'East', '27', '334', '', NULL, NULL, NULL, '', 'NTl8vSQrwOfgGUDOHvFM', '', '', 'meters', ' ', NULL),
(4527, 335, 'Sun Aug 19 17:32:14 GMT+08:00 2018', '955063-89.mp4', 'video', NULL, NULL, NULL, 89, 955063, 0, 208, 'Transport Tommy', 14.59000015, 121.01999664, '', '731 Bagumbayan, Santa Mesa, Manila, 1016 Metro Manila, Philippines, Manila', '96', '0.0', NULL, NULL, 'North', '0.0', '', NULL, NULL, NULL, NULL, NULL, 'GaTveov07uSUoTNs5sOL', '', '', 'miles', ' ', NULL),
(4369, 384, '2018-07-05 18:48', '507591-0.flv', 'video', NULL, NULL, NULL, 2, 507591, 1, 208, 'Agent 2', 14.30854511, 121.12233734, '', '  Santa Rosa City, Laguna Caingin', '-100', '0', NULL, NULL, 'West', '35', '0', '', NULL, NULL, NULL, '', 'jqgScxWenDxLgqfE0HoG', '', '', 'miles', ' ', NULL),
(4371, 438, '2018-07-05 11:10', '623689-18.flv', 'video', NULL, NULL, NULL, 18, 623689, 1, 364, 'Shawn Sizer', 38.93168259, -76.56710815, '', '3168 Braverton St Edgewater, MD ', '84', '0', NULL, NULL, 'South', '29', '0', '', NULL, NULL, NULL, '', '5HOw6PJDVc2GKoyIaOtp', '', '', 'meters', ' ', NULL),
(4372, 440, 'Thu Jul 05 11:56:04 MDT 2018', '651288-1.mp4', 'video', NULL, NULL, NULL, 1, 651288, 1, 394, 'AGENT T', 40.40000153, -104.69999695, '', '1001 26th St, Greeley, CO 80631, USA, Greeley', '98', '0.0', NULL, NULL, 'North', '4671.92', '', NULL, NULL, NULL, NULL, NULL, 'mY54dGLsR0ZzoSS2yvZJ', '', '', 'miles', ' ', NULL),
(4373, 441, 'Thu Jul 05 14:26:45 EDT 2018', '696984-1.mp4', 'video', NULL, NULL, NULL, 1, 696984, 0, 394, 'Jude Rollings', 38.97999954, -76.30000305, '', '1132 Shopping Center Rd, Stevensville, MD 21666, USA, Stevensville', '57', '0.0', NULL, NULL, 'North', '0.0', '', NULL, NULL, NULL, NULL, NULL, 'HzLWaMl3ymiJE5YxjAmU', '', '', 'miles', ' ', NULL),
(4374, 441, 'Thu Jul 05 14:29:04 EDT 2018', '696984-2.mp4', 'video', NULL, NULL, NULL, 2, 696984, 0, 394, 'Jude Rollings', 38.97999954, -76.30000305, '', '1132 Shopping Center Rd, Stevensville, MD 21666, USA, Stevensville', '56', '0.0', NULL, NULL, 'North', '0.0', '', NULL, NULL, NULL, NULL, NULL, 'MYEdCTC4U6XzbbOOJhWu', '', '', 'miles', ' ', NULL),
(4375, 441, 'Thu Jul 05 14:35:55 EDT 2018', '696984-3.mp4', 'video', NULL, NULL, NULL, 3, 696984, 0, 394, 'Jude Rollings', 38.97999954, -76.30000305, '', '1132 Shopping Center Rd, Stevensville, MD 21666, USA, Stevensville', '53', '0.0', NULL, NULL, 'North', '0.0', '', NULL, NULL, NULL, NULL, NULL, 'Ydoe1KS1W7Yq6GiwGWvJ', '', '', 'miles', ' ', NULL),
(4376, 441, 'Thu Jul 05 14:36:54 EDT 2018', '696984-4.mp4', 'video', NULL, NULL, NULL, 4, 696984, 0, 394, 'Jude Rollings', 38.97999954, -76.30000305, '', '1123 Shopping Center Rd, Stevensville, MD 21666, USA, Stevensville', '53', '0.0', NULL, NULL, 'North', '0.0', '', NULL, NULL, NULL, NULL, NULL, 'k1SPBBvGOaMUZl75AXeF', '', '', 'miles', ' ', NULL),
(4377, NULL, NULL, '', '', NULL, NULL, NULL, 2, 651288, NULL, NULL, NULL, 40.39559937, -104.69524384, '', '1001 26th St, Greeley, CO 80631, USA, Greeley', NULL, '0.0', NULL, NULL, 'North', NULL, NULL, NULL, NULL, NULL, NULL, NULL, NULL, '', NULL, NULL, ' ', NULL),
(4486, 335, 'Tue Aug 07 15:02:40 GMT+08:00 2018', '955063-79.mp4', 'video', NULL, NULL, NULL, 79, 955063, 0, 208, 'Transport Tommy', 14.56000042, 121.01999664, '', '8 Gil, Legazpi Village, Makati, Metro Manila, Philippines, Makati', '99', '0.0', NULL, NULL, 'North', '0.0', '', NULL, NULL, NULL, NULL, NULL, 'I8Spxh9iDI2fMRNOWNpK', '', '', 'miles', ' ', NULL),
(4399, 335, 'Sat Jul 07 19:45:46 GMT+08:00 2018', '955063-5.mp4', 'video', NULL, NULL, NULL, 5, 955063, 0, 208, 'Transport Tommy', 14.59000015, 121.01999664, '', '731 Bagumbayan, Santa Mesa, Manila, 1016 Metro Manila, Philippines, Manila', '38', '0.0', NULL, NULL, 'North', '169.62', '', NULL, NULL, NULL, NULL, NULL, 'YzOIL96HCcmM6q0CwyM8', '', '', 'miles', ' ', NULL),
(4398, 335, 'Sat Jul 07 19:44:24 GMT+08:00 2018', '955063-4.mp4', 'video', NULL, NULL, NULL, 4, 955063, 0, 208, 'Transport Tommy', 14.59000015, 121.01999664, '', '731 Bagumbayan, Santa Mesa, Manila, 1016 Metro Manila, Philippines, Manila', '38', '0.0', NULL, NULL, 'North', '169.62', '', NULL, NULL, NULL, NULL, NULL, 'eDRyPqJOWKBR8smHZoz8', '', '', 'miles', ' ', NULL),
(4397, 335, 'Sat Jul 07 19:43:24 GMT+08:00 2018', '955063-3.mp4', 'video', NULL, NULL, NULL, 3, 955063, 0, 208, 'Transport Tommy', 14.59000015, 121.01999664, '', '731 Bagumbayan, Santa Mesa, Manila, 1016 Metro Manila, Philippines, Manila', '38', '0.0', NULL, NULL, 'North', '169.62', '', NULL, NULL, NULL, NULL, NULL, 'GmUMQf3UDQDHb2eNC1kS', '', '', 'miles', ' ', NULL),
(4396, 335, 'Sat Jul 07 19:41:41 GMT+08:00 2018', '955063-2.mp4', 'video', NULL, NULL, NULL, 2, 955063, 0, 208, 'Transport Tommy', 14.59000015, 121.01999664, '', '731 Bagumbayan, Santa Mesa, Manila, 1016 Metro Manila, Philippines, Manila', '38', '0.0', NULL, NULL, 'North', '0.0', '', NULL, NULL, NULL, NULL, NULL, 'EmxFaXuAzpLqB2VM1krS', '', '', 'miles', ' ', NULL),
(4395, 335, 'Sat Jul 07 19:38:07 GMT+08:00 2018', '955063-1.mp4', 'video', NULL, NULL, NULL, 1, 955063, 0, 208, 'Transport Tommy', 14.59000015, 121.01999664, '', '731 Bagumbayan, Santa Mesa, Manila, 1016 Metro Manila, Philippines, Manila', '38', '0.0', NULL, NULL, 'North', '169.62', '', NULL, NULL, NULL, NULL, NULL, 'HLIE9RrfNOIxTTHF5s6o', '', '', 'miles', ' ', NULL),
(4469, 335, 'Sun Jul 08 21:01:08 GMT+08:00 2018', '955063-75.mp4', 'video', NULL, NULL, NULL, 75, 955063, 0, 208, 'Transport Tommy', 14.59000015, 121.01999664, '', '84 Bagumbayan, Santa Mesa, Manila, 1016 Metro Manila, Philippines, Manila', '34', '0.0', NULL, NULL, 'North', '0.0', '', NULL, NULL, NULL, NULL, NULL, '7NJWSmYUEf91zD6hlAJb', '', '', 'miles', ' ', NULL),
(4470, 335, 'Sun Jul 08 21:02:20 GMT+08:00 2018', '955063-76.mp4', 'video', NULL, NULL, NULL, 76, 955063, 0, 208, 'Transport Tommy', 14.59000015, 121.01999664, '', '84 Bagumbayan, Santa Mesa, Manila, 1016 Metro Manila, Philippines, Manila', '33', '0.0', NULL, NULL, 'North', '0.0', '', NULL, NULL, NULL, NULL, NULL, 'KqF1oahOQNoj3vxVahZU', '', '', 'miles', ' ', NULL),
(4471, 335, 'Sun Jul 08 21:03:37 GMT+08:00 2018', '955063-77.mp4', 'video', NULL, NULL, NULL, 77, 955063, 0, 208, 'Transport Tommy', 14.59000015, 121.01999664, '', '84 Bagumbayan, Santa Mesa, Manila, 1016 Metro Manila, Philippines, Manila', '33', '0.0', NULL, NULL, 'North', '0.0', '', NULL, NULL, NULL, NULL, NULL, '7zjjpEdTBQ1OzrjLh3KW', '', '', 'miles', ' ', NULL),
(4472, 335, 'Sun Jul 08 21:04:08 GMT+08:00 2018', '955063-78.mp4', 'video', NULL, NULL, NULL, 78, 955063, 0, 208, 'Transport Tommy', 14.59000015, 121.01999664, '', '731 Bagumbayan, Santa Mesa, Manila, 1016 Metro Manila, Philippines, Manila', '33', '0.0', NULL, NULL, 'North', '0.0', '', NULL, NULL, NULL, NULL, NULL, 'MD6TD9PLMs1Ea9Xd7asf', '', '', 'miles', 'Event - 74', NULL),
(4478, 438, '2018-07-27 19:35', '623689-19.flv', 'video', NULL, NULL, NULL, 19, 623689, 1, 364, 'Shawn Sizer', 34.44810867, -119.24474335, '', '250 E Ojai Ave Ojai, CA ', '83', '0', NULL, NULL, 'East', '724', '225', '', NULL, NULL, NULL, '', '2HZdmdVsF7YQGMZSDeY1', '', '', 'meters', ' ', NULL),
(4756, NULL, NULL, '', '', NULL, NULL, NULL, 3, 170041, NULL, NULL, NULL, 23.86791229, 90.41911316, '', 'Nogoriabari Rd, Dhaka 1230, Bangladesh, Dhaka', NULL, '0.0', NULL, NULL, 'North', NULL, NULL, NULL, NULL, NULL, NULL, NULL, NULL, '', NULL, NULL, ' ', NULL),
(4475, 387, 'Mon Jul 09 04:31:58 GMT+06:00 2018', '226253-1.mp4', 'video', NULL, NULL, NULL, 1, 226253, 1, 208, 'agentdec09', 23.87000084, 90.41999817, '', 'Nogoriabari Rd, Dhaka 1230, Bangladesh, Dhaka', '96', '0.0', NULL, NULL, 'North', '0.0', '', NULL, NULL, NULL, NULL, NULL, '8oK0Mu7To6p7WavoL512', '', '', 'miles', ' ', NULL),
(4476, 387, 'Mon Jul 09 04:33:06 GMT+06:00 2018', '226253-2.mp4', 'video', NULL, NULL, NULL, 2, 226253, 1, 208, 'agentdec09', 23.87000084, 90.41999817, '', 'Nogoriabari Rd, Dhaka 1230, Bangladesh, Dhaka', '96', '0.0', NULL, NULL, 'North', '0.0', '', NULL, NULL, NULL, NULL, NULL, 'GRud78IyMyExnLMSLxuU', '', '', 'miles', ' ', NULL),
(4487, 335, 'Tue Aug 07 15:03:01 GMT+08:00 2018', '955063-80.mp4', 'video', NULL, NULL, NULL, 80, 955063, 0, 208, 'Transport Tommy', 14.56000042, 121.01999664, '', '8 Gil, Legazpi Village, Makati, Metro Manila, Philippines, Makati', '99', '0.0', NULL, NULL, 'North', '0.0', '', NULL, NULL, NULL, NULL, NULL, 'cDbf6KAairSUVCmtPKbD', '', '', 'miles', ' ', NULL),
(4488, 438, '2018-08-07 07:49', '623689-27.flv', 'video', NULL, NULL, NULL, 27, 623689, 1, 364, 'Shawn Sizer', 39.17885590, -76.66522217, '', '7050 Friendship Rd Glen Burnie, MD ', '65', '0', NULL, NULL, 'South East', '189', '0', '', NULL, NULL, NULL, '', 'LcABzG1pCkgq36Lo68kG', '', '', 'meters', ' ', NULL),
(4489, 441, 'Thu Aug 09 14:04:00 EDT 2018', '696984-5.mp4', 'video', NULL, NULL, NULL, 5, 696984, 0, 394, 'Jude Rollings', 38.93000031, -76.56999969, '', '3168 Braverton St, Edgewater, MD 21037, USA, Edgewater', '52', '0.0', NULL, NULL, 'North', '0.0', '', NULL, NULL, NULL, NULL, NULL, 'wM14EsS1UZXpX51r0oYV', '', '', 'miles', ' ', NULL),
(4490, 441, 'Thu Aug 09 14:05:35 EDT 2018', '696984-6.mp4', 'video', NULL, NULL, NULL, 6, 696984, 0, 394, 'Jude Rollings', 38.93000031, -76.56999969, '', '3168 Braverton St, Edgewater, MD 21037, USA, Edgewater', '51', '0.0', NULL, NULL, 'North', '0.0', '', NULL, NULL, NULL, NULL, NULL, 'iig7oW14jEIESP11sKPD', '', '', 'miles', ' ', NULL),
(4525, 438, '2018-08-18 16:21', '623689-28.flv', 'video', NULL, NULL, NULL, 28, 623689, 1, 364, 'Shawn Sizer', 38.93197250, -76.56688690, '', '3168 Braverton St Edgewater, MD ', '95', '0', NULL, NULL, 'South', '21', '46.4', '', NULL, NULL, NULL, '', 'qN4bozhpm37IJBa2s5Dm', '', '', 'meters', ' ', NULL),
(4492, 441, 'Thu Aug 09 14:13:56 EDT 2018', '696984-8.mp4', 'video', NULL, NULL, NULL, 8, 696984, 0, 394, 'Jude Rollings', 38.93000031, -76.56999969, '', '3168 Braverton St, Edgewater, MD 21037, USA, Edgewater', '45', '0.0', NULL, NULL, 'North', '0.0', '', NULL, NULL, NULL, NULL, NULL, 'yUpgkzDjJnHCgJIh90oC', '', '', 'miles', ' ', NULL),
(4493, 441, 'Thu Aug 09 14:15:14 EDT 2018', '696984-9.mp4', 'video', NULL, NULL, NULL, 9, 696984, 0, 394, 'Jude Rollings', 38.93000031, -76.56999969, '', '3168 Braverton St, Edgewater, MD 21037, USA, Edgewater', '44', '0.0', NULL, NULL, 'North', '0.0', '', NULL, NULL, NULL, NULL, NULL, 'c783JbqSm51YZfvbjXPc', '', '', 'miles', ' ', NULL),
(4494, 335, 'Fri Aug 10 14:06:21 GMT+08:00 2018', '955063-81.mp4', 'video', NULL, NULL, NULL, 81, 955063, 0, 208, 'Transport Tommy', 14.59000015, 121.01999664, '', '731 Bagumbayan, Santa Mesa, Manila, 1016 Metro Manila, Philippines, Manila', '55', '0.0', NULL, NULL, 'North', '169.62', '', NULL, NULL, NULL, NULL, NULL, 'zMQz1S1SUeeKQUA2xwOm', '', '', 'miles', ' ', NULL),
(4698, 335, 'Wed Oct 03 22:02:08 GMT+08:00 2018', '955063-112.mp4', 'video', NULL, NULL, NULL, 112, 955063, 0, 208, 'Transport Tommy', 14.59000015, 121.01999664, '', '348, Bagumbayan Street, Bacood Sta Mesa, Manila, 1016 Metro Manila, Philippines, Manila', '67', '0.0', NULL, NULL, 'North', '170.28', '', NULL, NULL, NULL, NULL, NULL, 'VXcsQGcqWZEzw21MYh3d', '', '', 'miles', ' ', NULL),
(4526, 441, 'Sat Aug 18 17:10:37 EDT 2018', '696984-11.mp4', 'video', NULL, NULL, NULL, 11, 696984, 0, 394, 'Jude Rollings', 38.72000122, -76.61000061, '', '9430 MD-2, Owings, MD 20736, USA, Owings', '74', '25.4', NULL, NULL, 'South', '0.0', '', NULL, NULL, NULL, NULL, NULL, 'n0XmR4qM10KqyaqLuzGs', '', '', 'miles', ' ', NULL),
(4524, 444, '2018-08-18 09:43', '453277-0.flv', 'video', NULL, NULL, NULL, 7, 453277, 0, 394, 'Lance Edmond', 39.08152008, -76.04398346, '', '144 Grays Pond Ln Centreville, MD ', '-100', '0', NULL, NULL, '', '50', '0', '', NULL, NULL, NULL, '', 'xatnlQxwQuBnDdF8VPKt', '', '', 'miles', 'Event - 7', NULL),
(4697, 382, 'Wed Oct 03 21:34:04 GMT+08:00 2018', '567383-4.mp4', 'video', NULL, NULL, NULL, 4, 567383, 1, 208, 'agenttom1202', 14.59000015, 121.02999878, '', '3635 P. Sanchez St, Santa Mesa, Manila, 1016 Metro Manila, Philippines, Manila', '69', '0.0', NULL, NULL, 'North', '0.0', '', NULL, NULL, NULL, NULL, NULL, '6eiOFN8c8VbnhhiGB5Ax', '', '', 'miles', ' ', NULL),
(4500, 441, 'Sat Aug 18 16:31:14 EDT 2018', '696984-10.mp4', 'video', NULL, NULL, NULL, 10, 696984, 0, 394, 'Jude Rollings', 38.93000031, -76.56999969, '', '3168 Braverton St, Edgewater, MD 21037, USA, Edgewater', '95', '0.0', NULL, NULL, 'North', '0.0', '', NULL, NULL, NULL, NULL, NULL, 'c8dE0vhXZp4IBJWqr1E9', '', '', 'miles', 'Event - 10', NULL),
(4502, 335, 'Sun Aug 12 13:08:03 GMT+08:00 2018', '955063-82.mp4', 'video', NULL, NULL, NULL, 82, 955063, 0, 208, 'Transport Tommy', 14.59000015, 121.01999664, '', '731 Bagumbayan, Santa Mesa, Manila, 1016 Metro Manila, Philippines, Manila', '81', '0.0', NULL, NULL, 'North', '169.62', '', NULL, NULL, NULL, NULL, NULL, 'C8ivN0qmm93idlcMl0eG', '', '', 'miles', ' ', NULL),
(4503, 335, 'Tue Aug 14 22:27:21 GMT+08:00 2018', '955063-83.mp4', 'video', NULL, NULL, NULL, 83, 955063, 0, 208, 'Transport Tommy', 14.59000015, 121.01999664, '', '731 Bagumbayan, Santa Mesa, Manila, 1016 Metro Manila, Philippines, Manila', '68', '0.0', NULL, NULL, 'North', '169.62', '', NULL, NULL, NULL, NULL, NULL, 'VI8W6EHiNbTbizJbLG9C', '', '', 'miles', ' ', NULL),
(4504, 335, 'Tue Aug 14 22:28:40 GMT+08:00 2018', '955063-84.mp4', 'video', NULL, NULL, NULL, 84, 955063, 0, 208, 'Transport Tommy', 14.59000015, 121.01999664, '', '731 Bagumbayan, Santa Mesa, Manila, 1016 Metro Manila, Philippines, Manila', '68', '0.0', NULL, NULL, 'North', '169.62', '', NULL, NULL, NULL, NULL, NULL, 'pqXneD2K7d8FbcdDXp85', '', '', 'miles', ' ', NULL),
(4505, 335, 'Tue Aug 14 22:30:58 GMT+08:00 2018', '955063-85.mp4', 'video', NULL, NULL, NULL, 85, 955063, 0, 208, 'Transport Tommy', 14.59000015, 121.01999664, '', '731 Bagumbayan, Santa Mesa, Manila, 1016 Metro Manila, Philippines, Manila', '67', '0.0', NULL, NULL, 'North', '169.62', '', NULL, NULL, NULL, NULL, NULL, 'S320vbmurWhDDJqTRY7d', '', '', 'miles', ' ', NULL),
(4506, 335, 'Tue Aug 14 22:32:54 GMT+08:00 2018', '955063-86.mp4', 'video', NULL, NULL, NULL, 86, 955063, 0, 208, 'Transport Tommy', 14.59000015, 121.02999878, '', '951 Pat Antonio, Santa Mesa, Maynila, 1016 Kalakhang Maynila, Philippines, Maynila', '67', '0.0', NULL, NULL, 'North', '0.0', '', NULL, NULL, NULL, NULL, NULL, 'JkuLJdqpsOljq4iSpA2j', '', '', 'miles', ' ', NULL),
(4507, 335, 'Tue Aug 14 22:33:38 GMT+08:00 2018', '955063-87.mp4', 'video', NULL, NULL, NULL, 87, 955063, 0, 208, 'Transport Tommy', 14.59000015, 121.02999878, '', '951 Pat Antonio, Santa Mesa, Maynila, 1016 Kalakhang Maynila, Philippines, Maynila', '67', '0.0', NULL, NULL, 'North', '0.0', '', NULL, NULL, NULL, NULL, NULL, '70H1byULt3qUgaTdqjeX', '', '', 'miles', ' ', NULL),
(4508, 444, '2018-08-14 13:01', '453277-1.flv', 'video', NULL, NULL, NULL, 1, 453277, 0, 394, 'Lance Edmond', 38.93170547, -76.56702423, '', '3168 Braverton St Edgewater, MD ', '90', '0', NULL, NULL, 'South', '32', '0', '', NULL, NULL, NULL, '', 'bfyBnhE5acifAmh9Umlw', '', '', 'miles', ' ', NULL),
(4509, 444, '2018-08-14 13:20', '453277-2.flv', 'video', NULL, NULL, NULL, 2, 453277, 0, 394, 'Lance Edmond', 38.93169403, -76.56703949, '', '3168 Braverton St Edgewater, MD ', '89', '0', NULL, NULL, 'South East', '57', '0', '', NULL, NULL, NULL, '', 'G6vREkdXbaRhtYMuMOku', '', '', 'miles', ' ', NULL),
(4713, 478, '2018-10-07 21:33', '690558-9.flv', 'video', NULL, NULL, NULL, 9, 690558, 1, 128, 'Shawn', 34.44797897, -119.24428558, '', '310 E Ojai Ave Ojai, CA ', '11', '2', NULL, NULL, 'North West', '787', '33.8', '', NULL, NULL, NULL, '', 'pjrzeiBU5niCQAIWnI8b', '', '', 'meters', ' ', 4217720),
(4606, 383, '2018-09-15 23:44', '852083-16.flv', 'video', NULL, NULL, NULL, 16, 852083, 0, 208, 'transtom1204', 10.31487846, 123.87314606, '', ' Good Shepherd Road Cebu City, Cebu Guadalupe', '7', '0', NULL, NULL, 'East', '248', '100.9', '', NULL, NULL, NULL, '', 'drNIm9VZluVuGcFvLRXB', '', '', 'miles', ' ', NULL),
(4511, 335, 'Wed Aug 15 11:57:14 GMT+06:00 2018', '955063-88.mp4', 'video', NULL, NULL, NULL, 88, 955063, 0, 208, 'Transport Tommy', 23.87000084, 90.41999817, '', 'Nogoriabari Rd, Dhaka 1230, Bangladesh, Dhaka', '57', '0.0', NULL, NULL, 'North', '0.0', '', NULL, NULL, NULL, NULL, NULL, 'imqxLZydEJ7cLIyl3z3x', '', '', 'miles', ' ', NULL),
(4512, 444, '2018-08-15 13:34', '453277-3.flv', 'video', NULL, NULL, NULL, 3, 453277, 0, 394, 'Lance Edmond', 39.08020401, -76.04135895, '', '116 Grays Pond Ln Centreville, MD ', '100', '0', NULL, NULL, 'North West', '59', '78', '', NULL, NULL, NULL, '', 'XwJitwudIqtFINkbTxTN', '', '', 'miles', ' ', NULL),
(4513, 444, '2018-08-15 13:44', '453277-4.flv', 'video', NULL, NULL, NULL, 4, 453277, 0, 394, 'Lance Edmond', 39.08028030, -76.04124451, '', '116 Grays Pond Ln Centreville, MD ', '100', '0', NULL, NULL, 'East', '54', '119.2', '', NULL, NULL, NULL, '', 'PrO4K5EU9wmVPsguPmuW', '', '', 'miles', ' ', NULL),
(4523, 444, '2018-08-17 18:59', '453277-6.flv', 'video', NULL, NULL, NULL, 6, 453277, 0, 394, 'Lance Edmond', 39.08026123, -76.04132843, '', '116 Grays Pond Ln Centreville, MD ', '97', '0', NULL, NULL, 'South East', '55', '0', '', NULL, NULL, NULL, '', 'az3sqIvtFgx5LWbBpmMP', '', '', 'miles', ' ', NULL),
(4522, 444, '2018-08-17 18:58', '453277-5.flv', 'video', NULL, NULL, NULL, 5, 453277, 0, 394, 'Lance Edmond', 39.08023071, -76.04124451, '', '116 Grays Pond Ln Centreville, MD ', '97', '0', NULL, NULL, 'South East', '52', '0', '', NULL, NULL, NULL, '', '4kmuJCMtpKCmGbQQJ3HF', '', '', 'miles', ' ', NULL),
(4520, 384, '2018-08-17 19:55', '507591-3.flv', 'video', NULL, NULL, NULL, 3, 507591, 1, 208, 'Agent 2', 14.30855274, 121.12240601, '', '  Santa Rosa City, Laguna Caingin', '58', '0', NULL, NULL, 'North East', '27', '0', '', NULL, NULL, NULL, '', 'tKMJAKKA8DjG7SivvVBL', '', '', 'meters', ' ', NULL),
(4528, 335, 'Mon Aug 20 16:47:13 GMT+08:00 2018', '955063-90.mp4', 'video', NULL, NULL, NULL, 90, 955063, 0, 208, 'Transport Tommy', 14.59000015, 121.01999664, '', '731 Bagumbayan, Santa Mesa, Manila, 1016 Metro Manila, Philippines, Manila', '100', '0.0', NULL, NULL, 'North', '169.62', '', NULL, NULL, NULL, NULL, NULL, 'D1yUDZFGy5MkW318g7Wn', '', '', 'miles', ' ', NULL),
(4529, 335, 'Mon Aug 20 16:56:25 GMT+08:00 2018', '955063-91.mp4', 'video', NULL, NULL, NULL, 91, 955063, 0, 208, 'Transport Tommy', 14.59000015, 121.01999664, '', '731 Bagumbayan, Santa Mesa, Manila, 1016 Metro Manila, Philippines, Manila', '100', '0.0', NULL, NULL, 'North', '169.62', '', NULL, NULL, NULL, NULL, NULL, 'ocNBlueJnYOVJ1mIltJb', '', '', 'miles', ' ', NULL),
(4530, 335, 'Mon Aug 20 17:01:27 GMT+08:00 2018', '955063-92.mp4', 'video', NULL, NULL, NULL, 92, 955063, 0, 208, 'Transport Tommy', 14.59000015, 121.01999664, '', '731 Bagumbayan, Santa Mesa, Manila, 1016 Metro Manila, Philippines, Manila', '100', '0.0', NULL, NULL, 'North', '0.0', '', NULL, NULL, NULL, NULL, NULL, 'xcIoNbFh3cElvbicr5hc', '', '', 'miles', ' ', NULL),
(4531, 335, 'Mon Aug 20 17:02:04 GMT+08:00 2018', '955063-93.mp4', 'video', NULL, NULL, NULL, 93, 955063, 0, 208, 'Transport Tommy', 14.59000015, 121.01999664, '', '731 Bagumbayan, Santa Mesa, Manila, 1016 Metro Manila, Philippines, Manila', '100', '0.0', NULL, NULL, 'North', '169.62', '', NULL, NULL, NULL, NULL, NULL, 'YH04d5FUb7P2lHd0i2Pn', '', '', 'miles', ' ', NULL),
(4532, 335, '2018-08-20 17:10', '955063-94.flv', 'video', NULL, NULL, NULL, 94, 955063, 0, 208, 'Transport Tommy', 10.78435040, 106.67033386, '', ' H?m 436/11 Cách M?ng Tháng Tám Ho Chi Minh City, Ho Chi Minh City Ph??ng 11', '100', '0', NULL, NULL, 'East', '33', '0', '', NULL, NULL, NULL, '', 'bVg0SjjAc5apL64vzcga', '', '', 'miles', ' ', NULL),
(4696, 463, '2018-10-03 19:55', '634030-0.flv', 'video', NULL, NULL, NULL, 4, 634030, 1, 208, 'Thomas Agent', 14.30854511, 121.12240601, '', '  Santa Rosa City, Laguna Caingin', '76', '0', NULL, NULL, 'East', '34', '0', '', NULL, NULL, NULL, '', 'qiyjsRByDenZfiDxzjYb', '', '', 'miles', ' ', NULL),
(4534, 335, '2018-08-21 01:05', '955063-95.flv', 'video', NULL, NULL, NULL, 95, 955063, 0, 208, 'Transport Tommy', 10.32466412, 123.90605927, '', ' Archbishop Reyes Avenue Cebu City, Cebu Luz', '100', '1', NULL, NULL, 'North West', '147', '302.5', '', NULL, NULL, NULL, '', '2uReqITnbOb5U08uYNYm', '', '', 'miles', ' ', NULL),
(4535, 335, '2018-08-21 01:08', '955063-96.flv', 'video', NULL, NULL, NULL, 96, 955063, 0, 208, 'Transport Tommy', 10.32433224, 123.90569305, '', '  Cebu City, Cebu Luz', '100', '1', NULL, NULL, 'North East', '149', '0', '', NULL, NULL, NULL, '', 'sMijFdN7jFYYKvY4rgcC', '', '', 'miles', ' ', NULL),
(4536, 335, '2018-08-21 01:10', '955063-97.flv', 'video', NULL, NULL, NULL, 97, 955063, 0, 208, 'Transport Tommy', 10.32488441, 123.90599823, '', '  Cebu City, Cebu Luz', '100', '0', NULL, NULL, 'North West', '142', '0', '', NULL, NULL, NULL, '', 'daw5SypKCT9AZ1N5mTm2', '', '', 'miles', ' ', NULL),
(4537, 335, '2018-08-21 01:11', '955063-98.flv', 'video', NULL, NULL, NULL, 98, 955063, 0, 208, 'Transport Tommy', 10.32548141, 123.90605927, '', '  Cebu City, Cebu Luz', '100', '5', NULL, NULL, 'North West', '153', '0', '', NULL, NULL, NULL, '', 'idWLgBjwkeP3IsEWlBh5', '', '', 'miles', ' ', NULL),
(4538, 444, '2018-08-20 13:55', '453277-8.flv', 'video', NULL, NULL, NULL, 8, 453277, 0, 394, 'Lance Edmond', 39.08026505, -76.04118347, '', '116 Grays Pond Ln Centreville, MD ', '79', '0', NULL, NULL, 'South', '57', '0', '', NULL, NULL, NULL, '', '4BhcGB4sOPl3UWbNxXFY', '', '', 'miles', ' ', NULL),
(4716, 478, '2018-10-09 13:13', '690558-0.flv', 'video', NULL, NULL, NULL, 10, 690558, 1, 128, 'Shawn', 34.40956116, -119.69224548, '', '157–285 W Cabrillo Blvd Santa Barbara, CA Waterfront', '-100', '0', NULL, NULL, 'East', '0', '0', '', NULL, NULL, NULL, '', 'CLuSF7hpxP6qhGUicxJS', '', '', 'miles', ' ', NULL),
(4695, 463, '2018-10-03 19:54', '634030-0.flv', 'video', NULL, NULL, NULL, 3, 634030, 1, 208, 'Thomas Agent', 14.30857563, 121.12237549, '', '  Santa Rosa City, Laguna Caingin', '-100', '0', NULL, NULL, 'East', '33', '0', '', NULL, NULL, NULL, '', 'IpofECI8tcgbmWwVBPcw', '', '', 'miles', ' ', NULL),
(4540, 382, '2018-08-21 02:05', '567383-2.flv', 'video', NULL, NULL, NULL, 2, 567383, 1, 208, 'agenttom1202', 10.32509613, 123.90617371, '', '  Cebu City, Cebu Luz', '100', '0', NULL, NULL, 'East', '146', '0', '', NULL, NULL, NULL, '', 'ARdTfnCVK3dy0apyp823', '', '', 'meters', ' ', NULL),
(4541, 335, '2018-08-21 02:08', '955063-99.flv', 'video', NULL, NULL, NULL, 99, 955063, 0, 208, 'Transport Tommy', 10.32496071, 123.90601349, '', '  Cebu City, Cebu Luz', '100', '0', NULL, NULL, 'North', '75', '0', '', NULL, NULL, NULL, '', 'Lnn81vmeVCG42HgEZD0F', '', '', 'miles', ' ', NULL),
(4542, 335, 'Tue Aug 21 07:27:24 GMT+08:00 2018', '955063-100.mp4', 'video', NULL, NULL, NULL, 100, 955063, 0, 208, 'Transport Tommy', 14.59000015, 121.01999664, '', '731 Bagumbayan, Santa Mesa, Manila, 1016 Metro Manila, Philippines, Manila', '100', '0.0', NULL, NULL, 'North', '169.62', '', NULL, NULL, NULL, NULL, NULL, 'NaphTNBiJ4XmhBqKuuFN', '', '', 'miles', ' ', NULL),
(4544, 335, 'Tue Aug 21 08:01:38 GMT+08:00 2018', '955063-101.mp4', 'video', NULL, NULL, NULL, 101, 955063, 0, 208, 'Transport Tommy', 14.59000015, 121.01999664, '', '731 Bagumbayan, Santa Mesa, Manila, 1016 Metro Manila, Philippines, Manila', '83', '0.0', NULL, NULL, 'North', '169.62', '', NULL, NULL, NULL, NULL, NULL, 'Wm3vOvhbvA3Pqgrgvjv5', '', '', 'miles', ' ', NULL),
(4545, 382, '2018-08-21 19:18', '567383-0.flv', 'video', NULL, NULL, NULL, 3, 567383, 1, 208, 'agenttom1202', 10.32492828, 123.90496826, '', '  Cebu City, Cebu Luz', '-100', '0', NULL, NULL, 'North West', '159', '0', '', NULL, NULL, NULL, '', 'QFDqdocR2984G94dZwIK', '', '', 'miles', ' ', NULL),
(4573, 335, '2018-08-24 15:09', '955063-105.flv', 'video', NULL, NULL, NULL, 105, 955063, 0, 208, 'Transport Tommy', 37.39421463, -122.04240417, '', '501 Macara Ave ??????, CA North Sunnyvale', '100', '0', NULL, NULL, 'South West', '40', '0', '', NULL, NULL, NULL, '', 'BsZ1GLwqlJadinr7AdyE', '', '', 'miles', ' ', NULL),
(4572, 335, '2018-08-22 13:35', '955063-104.flv', 'video', NULL, NULL, NULL, 104, 955063, 0, 208, 'Transport Tommy', 10.32464027, 123.90607452, '', ' Archbishop Reyes Avenue Cebu City, Cebu Luz', '62', '1', NULL, NULL, 'South', '147', '0', '', NULL, NULL, NULL, '', 'QZ7IEoiCsZI7qGqaGGjB', '', '', 'miles', ' ', NULL),
(4571, 335, 'Wed Aug 22 00:31:48 GMT+08:00 2018', '955063-103.mp4', 'video', NULL, NULL, NULL, 103, 955063, 0, 208, 'Transport Tommy', 14.59000015, 121.01999664, '', '731 Bagumbayan, Santa Mesa, Manila, 1016 Metro Manila, Philippines, Manila', '43', '0.0', NULL, NULL, 'North', '169.62', '', NULL, NULL, NULL, NULL, NULL, 'IF9BBRwFFDdL0hk1NyDt', '', '', 'miles', ' ', NULL),
(4570, 335, 'Tue Aug 21 21:00:56 GMT+08:00 2018', '955063-102.mp4', 'video', NULL, NULL, NULL, 102, 955063, 0, 208, 'Transport Tommy', 14.59000015, 121.01999664, '', '731 Bagumbayan, Santa Mesa, Manila, 1016 Metro Manila, Philippines, Manila', '26', '0.0', NULL, NULL, 'North', '169.62', '', NULL, NULL, NULL, NULL, NULL, 'GhWdYDBtrCbuWKS5QeS6', '', '', 'miles', ' ', NULL),
(4596, 335, 'Mon Sep 10 22:08:01 GMT+08:00 2018', '955063-111.mp4', 'video', NULL, NULL, NULL, 111, 955063, 0, 208, 'Transport Tommy', 14.59000015, 121.01999664, '', '731 Bagumbayan, Santa Mesa, Manila, 1016 Metro Manila, Philippines, Manila', '95', '0.0', NULL, NULL, 'North', '0.0', '', NULL, NULL, NULL, NULL, NULL, 'vhSM7CyNPewfwm0UhVHF', '', '', 'miles', ' ', NULL),
(4632, 475, 'Tue Sep 25 13:29:13 GMT+08:00 2018', '588553-1.mp4', 'video', NULL, NULL, NULL, 1, 588553, 0, 208, 'TEST TRANSPORT', 14.56000042, 121.01999664, '', 'Spirit of Communications Center, 106 Don Carlos Palanca, Legazpi Village, Makati, Metro Manila, Philippines, Makati', '17', '0.0', NULL, NULL, 'North', '0.0', '', NULL, NULL, NULL, NULL, NULL, 'akztH1ymBCptH3FVmdVm', '', '', 'miles', ' ', NULL),
(4576, 335, 'Tue Aug 28 11:15:37 GMT+06:00 2018', '955063-106.mp4', 'video', NULL, NULL, NULL, 106, 955063, 0, 208, 'Transport Tommy', 23.87000084, 90.41999817, '', 'Nogoriabari Rd, Dhaka 1230, Bangladesh, Dhaka', '59', '0.0', NULL, NULL, 'North', '0.0', '', NULL, NULL, NULL, NULL, NULL, 'wLV8LGC7dTCgxCF7PXgw', '', '', 'miles', ' ', NULL),
(4577, 335, 'Sat Sep 01 15:37:07 GMT+08:00 2018', '955063-107.mp4', 'video', NULL, NULL, NULL, 107, 955063, 0, 208, 'Transport Tommy', 14.59000015, 121.01999664, '', '731 Bagumbayan, Santa Mesa, Manila, 1016 Metro Manila, Philippines, Manila', '12', '0.0', NULL, NULL, 'North', '0.0', '', NULL, NULL, NULL, NULL, NULL, 'EXdCBLd3bSlC1bZc6bW2', '', '', 'miles', ' ', NULL),
(4620, 465, '2018-09-24 09:22', '170041-0.flv', 'video', NULL, NULL, NULL, 2, 170041, 1, 208, 'tommy2', 37.33233261, -122.03121948, '', '1 Infinite Loop Cupertino, CA ', '-100', '0', NULL, NULL, '', '0', '0', '', NULL, NULL, NULL, '', 'SAK83BJhTWDWDJZUM4A3', 'Optional(<', '', 'miles', ' ', NULL),
(4594, 335, 'Mon Sep 10 21:56:23 GMT+08:00 2018', '955063-109.mp4', 'video', NULL, NULL, NULL, 109, 955063, 0, 208, 'Transport Tommy', 14.59000015, 121.01999664, '', '731 Bagumbayan, Santa Mesa, Manila, 1016 Metro Manila, Philippines, Manila', '95', '0.0', NULL, NULL, 'North', '169.62', '', NULL, NULL, NULL, NULL, NULL, 'Ua7Q2OSRhSXritZQQEGM', '', '', 'miles', ' ', NULL),
(4595, 335, 'Mon Sep 10 21:59:15 GMT+08:00 2018', '955063-110.mp4', 'video', NULL, NULL, NULL, 110, 955063, 0, 208, 'Transport Tommy', 14.59000015, 121.01999664, '', '731 Bagumbayan, Santa Mesa, Manila, 1016 Metro Manila, Philippines, Manila', '95', '0.0', NULL, NULL, 'North', '169.62', '', NULL, NULL, NULL, NULL, NULL, 'PjHtyxYgUmHqsVEWG2Od', '', '', 'miles', ' ', NULL),
(4753, 491, '2018-10-15 18:50', '500713-0.flv', 'video', NULL, NULL, NULL, 3, 500713, 1, 230, 'Tom Woodfin', 14.30862713, 121.12233734, '', '  Santa Rosa City, Laguna Caingin', '84', '0', NULL, NULL, 'West', '28', '0', '', NULL, NULL, NULL, '', 'UlAaMtS3pfoAGld5FXy4', '', '', 'miles', ' ', NULL),
(4619, 465, '2018-09-20 09:25', '170041-0.flv', 'video', NULL, NULL, NULL, 1, 170041, 1, 208, 'tommy2', 37.39387131, -122.04149628, '', '500 Macara Ave Sunnyvale, CA North Sunnyvale', '-100', '0', NULL, NULL, 'North West', '43', '0', '', NULL, NULL, NULL, '', 'iX7NqCCb0GcWLzYFY6of', '', '', 'miles', ' ', NULL),
(4732, 464, 'Fri Oct 12 15:14:14 GMT+06:00 2018', '717928-3.mp4', 'video', NULL, NULL, NULL, 3, 717928, 0, 208, 'Tom', 23.87000084, 90.41999817, '', 'Nogoriabari Rd, Dhaka 1230, Bangladesh, Dhaka', '52', '0.0', NULL, NULL, 'North', '0.0', '', NULL, NULL, NULL, NULL, NULL, 'IuyvXXwfLv2Nx25bvc1W', '', '', 'miles', ' ', NULL),
(4731, 464, 'Fri Oct 12 15:02:43 GMT+06:00 2018', '717928-2.mp4', 'video', NULL, NULL, NULL, 2, 717928, 0, 208, 'Tom', 23.87000084, 90.41999817, '', 'Nogoriabari Rd, Dhaka 1230, Bangladesh, Dhaka', '54', '0.0', NULL, NULL, 'North', '0.0', '', NULL, NULL, NULL, NULL, NULL, 'AfaKoLVDPq0g4M2Tz3r3', '', '', 'miles', ' ', NULL),
(4591, 335, 'Mon Sep 10 00:02:24 GMT+08:00 2018', '955063-108.mp4', 'video', NULL, NULL, NULL, 108, 955063, 0, 208, 'Transport Tommy', 14.59000015, 121.01999664, '', '731 Bagumbayan, Santa Mesa, Manila, 1016 Metro Manila, Philippines, Manila', '21', '0.0', NULL, NULL, 'North', '169.62', '', NULL, NULL, NULL, NULL, NULL, 'sxzy6JksDz3VgVXQQh6l', '', '', 'miles', ' ', NULL),
(4633, 475, 'Tue Sep 25 13:35:02 GMT+08:00 2018', '588553-2.mp4', 'video', NULL, NULL, NULL, 2, 588553, 0, 208, 'TEST TRANSPORT', 14.56000042, 121.01999664, '', '', '14', '0.0', NULL, NULL, 'North', '0.0', '', NULL, NULL, NULL, NULL, NULL, 'pR2jIEJ1dST3hxAOFcJ8', '', '', 'miles', ' ', NULL),
(4746, 445, 'Sat Oct 13 00:24:57 GMT+08:00 2018', '116085-1.mp4', 'video', NULL, NULL, NULL, 1, 116085, 1, 208, 'Tom', 14.59000015, 121.01999664, '', 'Bagumbayan, Santa Mesa, Manila, Metro Manila, Philippines, Manila', '38', '0.0', NULL, NULL, 'North', '0.0', '', NULL, NULL, NULL, NULL, NULL, '7VL6LQY16utnY6Cwm6Ca', '', '', 'miles', ' ', NULL),
(4730, 464, 'Fri Oct 12 15:00:57 GMT+06:00 2018', '717928-1.mp4', 'video', NULL, NULL, NULL, 1, 717928, 0, 208, 'Tom', 0.00000000, 0.00000000, '', '', '55', '0.0', NULL, NULL, '', '0.0', '', NULL, NULL, NULL, NULL, NULL, 'QVpdf7bnW4ZSREKjEiXU', '', '', 'miles', ' ', NULL),
(4751, 491, '2018-10-15 18:34', '500713-0.flv', 'video', NULL, NULL, NULL, 1, 500713, 1, 230, 'Tom Woodfin', 14.30874825, 121.12165070, '', '  Santa Rosa City, Laguna Caingin', '-100', '0', NULL, NULL, 'West', '29', '0', '', NULL, NULL, NULL, '', 'ZEgxXxY2XoUSqYHUTlAj', '', '', 'miles', ' ', NULL),
(4742, 468, '2018-10-12 19:31', '628836-1.flv', 'video', NULL, NULL, NULL, 1, 628836, 0, 208, 'Thomas Trans', 10.30544090, 123.89762878, '', ' F. Ramos Street Cebu City, Cebu San Antonio', '22', '0', NULL, NULL, 'South West', '109', '0', '', NULL, NULL, NULL, '', 'p3eM8RfgF3dk0tQvzMB2', '', '', 'miles', ' ', 4462250),
(4709, 463, '2018-10-05 19:34', '634030-0.flv', 'video', NULL, NULL, NULL, 6, 634030, 1, 208, 'Thomas Agent', 14.30855560, 121.12235260, '', '  Santa Rosa City, Laguna Caingin', '-100', '0', NULL, NULL, 'East', '33', '0', '', NULL, NULL, NULL, '', 'ZKY8UBhWtArbYiYnJu8W', '', '', 'miles', ' ', NULL),
(4708, 462, '2018-10-05 19:32', '726720-0.flv', 'video', NULL, NULL, NULL, 1, 726720, 0, 208, 'Thomas Transport', 14.30857086, 121.12242889, '', '  Santa Rosa City, Laguna Caingin', '-100', '0', NULL, NULL, 'East', '32', '0', '', NULL, NULL, NULL, '', 'Mm8DWqlOY1SJscnpz5nL', '', '', 'miles', ' ', NULL),
(4752, 491, '2018-10-15 18:44', '500713-0.flv', 'video', NULL, NULL, NULL, 2, 500713, 1, 230, 'Tom Woodfin', 14.30683899, 121.12100983, '', '  Santa Rosa City, Laguna Caingin', '-100', '0', NULL, NULL, 'West', '34', '0', '', NULL, NULL, NULL, '', 'P5uZOgeRqxJSSuFgyoyD', '', '', 'miles', ' ', NULL),
(4745, NULL, NULL, '', '', NULL, NULL, NULL, 5, 567383, NULL, NULL, NULL, 12.97898483, 77.69829559, '', 'Sy No 24/3, Mahadevapura Post, Doddenakkundi, Ferns City Road, Ferns City, Doddanekkundi, Bengaluru, Karnataka 560037, India, Bengaluru', NULL, '0.0', NULL, NULL, 'North', NULL, NULL, NULL, NULL, NULL, NULL, NULL, NULL, '', NULL, NULL, ' ', NULL),
(4744, 335, 'Fri Oct 12 23:39:50 GMT+08:00 2018', '955063-115.mp4', 'video', NULL, NULL, NULL, 115, 955063, 0, 208, 'Transport Tommy', 14.59000015, 121.01999664, '', '406, Bagumbayan Street, Bacood Sta Mesa, Manila, 1016 Metro Manila, Philippines, Manila', '30', '0.0', NULL, NULL, 'North', '0.0', '', NULL, NULL, NULL, NULL, NULL, 'IjqQqY0MV6Blq3FpwPXR', '', '', 'miles', ' ', NULL),
(4706, 463, '2018-10-04 20:54', '634030-5.flv', 'video', NULL, NULL, NULL, 5, 634030, 1, 208, 'Thomas Agent', 14.30857563, 121.12236023, '', '  Santa Rosa City, Laguna Caingin', '79', '0', NULL, NULL, 'South East', '30', '0', '', NULL, NULL, NULL, '', '1hJ9DqbmeNal0WXZMTRT', '', '', 'meters', ' ', 756892),
(4657, 477, '2018-09-25 19:01', '143795-0.flv', 'video', NULL, NULL, NULL, 1, 143795, 0, 208, 'Transport Test', 14.30858040, 121.12235260, '', '  Santa Rosa City, Laguna Caingin', '32', '1', NULL, NULL, 'North East', '27', '212.7', '', NULL, NULL, NULL, '', '7nxaR3Ng2ETw1HJNeP0g', '', '', 'miles', ' ', NULL),
(4658, 477, '2018-09-25 19:02', '143795-0.flv', 'video', NULL, NULL, NULL, 2, 143795, 0, 208, 'Transport Test', 14.30857658, 121.12236023, '', '  Santa Rosa City, Laguna Caingin', '29', '0', NULL, NULL, 'North East', '26', '212.7', '', NULL, NULL, NULL, '', 'xq0teYlJpWQT4MdMxngl', '', '', 'miles', ' ', NULL),
(4659, 477, '2018-09-25 19:04', '143795-0.flv', 'video', NULL, NULL, NULL, 3, 143795, 0, 208, 'Transport Test', 14.30857658, 121.12236023, '', '  Santa Rosa City, Laguna Caingin', '27', '0', NULL, NULL, 'North East', '25', '212.7', '', NULL, NULL, NULL, '', 'eR5HINVZsIEfs3hWYhJ7', '', '', 'miles', ' ', NULL),
(4748, 471, '2018-10-13 16:54', '878469-0.flv', 'video', NULL, NULL, NULL, 1, 878469, 0, 128, 'Shawn', 34.45011520, -119.27724457, '', '163 N Pueblo Ave Ojai, CA ', '-100', '0', NULL, NULL, 'East', '741', '0', '', NULL, NULL, NULL, '', 'pPXXUWFBvyspr9nejs5x', '', '', 'miles', ' ', NULL),
(4661, 477, '2018-09-25 19:12', '143795-0.flv', 'video', NULL, NULL, NULL, 4, 143795, 0, 208, 'Transport Test', 14.30852699, 121.12237549, '', '  Santa Rosa City, Laguna Caingin', '-100', '0', NULL, NULL, 'North East', '33', '0', '', NULL, NULL, NULL, '', 'H6Rt3wniebTm4iElAIcH', '', '', 'miles', ' ', NULL),
(4662, 477, '2018-09-25 19:16', '143795-0.flv', 'video', NULL, NULL, NULL, 5, 143795, 0, 208, 'Transport Test', 14.30856323, 121.12230682, '', '  Santa Rosa City, Laguna Caingin', '23', '0', NULL, NULL, 'North East', '27', '0', '', NULL, NULL, NULL, '', 'gXss3YUSftXqfjSeHEwe', '', '', 'miles', ' ', NULL),
(4666, 463, '2018-09-25 19:36', '634030-2.flv', 'video', NULL, NULL, NULL, 2, 634030, 1, 208, 'Thomas Agent', 14.30866909, 121.12236786, '', '  Santa Rosa City, Laguna Caingin', '33', '0', NULL, NULL, 'East', '28', '0', '', NULL, NULL, NULL, '', 'yWCecsCgE2MRsUxmMvmk', '', '', 'meters', ' ', 518086),
(4665, 463, '2018-09-25 19:35', '634030-1.flv', 'video', NULL, NULL, NULL, 1, 634030, 1, 208, 'Thomas Agent', 14.30855465, 121.12239075, '', '  Santa Rosa City, Laguna Caingin', '32', '0', NULL, NULL, 'East', '27', '0', '', NULL, NULL, NULL, '', 'ipZJvgvVTNJfjfqF5ytK', '', '', 'meters', ' ', 1905330),
(4747, 478, '2018-10-13 16:52', '690558-0.flv', 'video', NULL, NULL, NULL, 11, 690558, 1, 128, 'Shawn', 34.45144272, -119.27892303, '', '214 N Alvarado St Ojai, CA ', '-100', '0', NULL, NULL, 'East', '749', '0', '', NULL, NULL, NULL, '', '1KoHSUoI4kQZmfQ8G7pG', '', '', 'miles', ' ', NULL),
(4789, 471, '2018-10-31 12:37', '878469-16.flv', 'video', NULL, NULL, NULL, 16, 878469, 0, 128, 'Shawn', 45.84342194, -89.29922485, '', '7826–8198 State Highway 17 S Eagle River, WI ', '60', '67', NULL, NULL, 'North West', '1666', '199.3', '', NULL, NULL, NULL, '', 'DnRqtSRtCtayr31Qpn9E', '', '', 'miles', ' ', 3226280),
(4788, 471, '2018-10-29 01:53', '878469-15.flv', 'video', NULL, NULL, NULL, 15, 878469, 0, 128, 'Shawn', 35.05245209, -85.30941010, '', '1–153 E 4th St Chattanooga, TN Downtown', '24', '0', NULL, NULL, 'North West', '701', '0', '', NULL, NULL, NULL, '', 'b7zGhtMEVHhKqfa47Pv3', '', '', 'miles', ' ', 1360860),
(4787, 471, '2018-10-29 00:36', '878469-0.flv', 'video', NULL, NULL, NULL, 14, 878469, 0, 128, 'Shawn', 35.05224609, -85.30963898, '', '2–36 W 4th St Chattanooga, TN Downtown', '-100', '0', NULL, NULL, 'West', '679', '0', '', NULL, NULL, NULL, '', 'Yq3NEjmBAqKdiJbPW29X', '', '', 'miles', ' ', NULL),
(4786, 471, '2018-10-26 22:37', '878469-13.flv', 'video', NULL, NULL, NULL, 13, 878469, 0, 128, 'Shawn', 38.83700943, -76.60201263, '', '32 Grays Rd Harwood, MD ', '89', '0', NULL, NULL, 'South East', '147', '0', '', NULL, NULL, NULL, '', 'gyUlDiyJyfaL5JLWt03C', '', '', 'miles', ' ', 1714260),
(4790, 471, '2018-11-01 11:43', '878469-0.flv', 'video', NULL, NULL, NULL, 17, 878469, 0, 128, 'Shawn', 44.94837570, -89.63999176, '', '301–363 W Thomas St Wausau, WI ', '-100', '0', NULL, NULL, 'South West', '1198', '0', '', NULL, NULL, NULL, '', 'f4yQKgaJmtKF6gZCFi2I', '', '', 'miles', ' ', NULL),
(4791, 471, '2018-11-03 22:23', '878469-18.flv', 'video', NULL, NULL, NULL, 18, 878469, 0, 128, 'Shawn', 38.78316498, -76.61586761, '', '230 W Bay Front Rd Lothian, MD ', '56', '0', NULL, NULL, 'South', '142', '182.5', '', NULL, NULL, NULL, '', 'ELDJItv47N8ISBqFShPQ', '', '', 'miles', ' ', 4228100),
(4792, 383, 'Sat Nov 10 00:16:20 GMT+08:00 2018', '852083-17.mp4', 'video', NULL, NULL, NULL, 17, 852083, 0, 208, 'transtom1204', 14.59000015, 121.01999664, '', '348, Bagumbayan Street, Bacood Sta Mesa, Manila, 1016 Metro Manila, Philippines, Manila', '24', '0.0', NULL, NULL, 'North', '0.0', '', NULL, NULL, NULL, NULL, NULL, 'DxPVdFXx516gQr6Z0sfF', '', '', 'miles', ' ', NULL),
(4793, 384, 'Sat Nov 10 00:26:42 GMT+08:00 2018', '507591-4.mp4', 'video', NULL, NULL, NULL, 4, 507591, 1, 208, 'Agent 2', 14.59000015, 121.01999664, '', '348, Bagumbayan Street, Bacood Sta Mesa, Manila, 1016 Metro Manila, Philippines, Manila', '25', '0.0', NULL, NULL, 'North', '0.0', '', NULL, NULL, NULL, NULL, NULL, 'exdduATVkDKOTk0bCIpT', '', '', 'miles', ' ', NULL);

-- --------------------------------------------------------

--
-- Table structure for table `country`
--

CREATE TABLE `country` (
  `id` int(11) NOT NULL,
  `iso` char(2) NOT NULL,
  `name` varchar(80) NOT NULL,
  `nicename` varchar(80) NOT NULL,
  `iso3` char(3) DEFAULT NULL,
  `numcode` smallint(6) DEFAULT NULL,
  `phonecode` int(5) NOT NULL
) ENGINE=MyISAM DEFAULT CHARSET=latin1;

--
-- Dumping data for table `country`
--

INSERT INTO `country` (`id`, `iso`, `name`, `nicename`, `iso3`, `numcode`, `phonecode`) VALUES
(1, 'AF', 'AFGHANISTAN', 'Afghanistan', 'AFG', 4, 93),
(2, 'AL', 'ALBANIA', 'Albania', 'ALB', 8, 355),
(3, 'DZ', 'ALGERIA', 'Algeria', 'DZA', 12, 213),
(4, 'AS', 'AMERICAN SAMOA', 'American Samoa', 'ASM', 16, 1684),
(5, 'AD', 'ANDORRA', 'Andorra', 'AND', 20, 376),
(6, 'AO', 'ANGOLA', 'Angola', 'AGO', 24, 244),
(7, 'AI', 'ANGUILLA', 'Anguilla', 'AIA', 660, 1264),
(8, 'AQ', 'ANTARCTICA', 'Antarctica', NULL, NULL, 0),
(9, 'AG', 'ANTIGUA AND BARBUDA', 'Antigua and Barbuda', 'ATG', 28, 1268),
(10, 'AR', 'ARGENTINA', 'Argentina', 'ARG', 32, 54),
(11, 'AM', 'ARMENIA', 'Armenia', 'ARM', 51, 374),
(12, 'AW', 'ARUBA', 'Aruba', 'ABW', 533, 297),
(13, 'AU', 'AUSTRALIA', 'Australia', 'AUS', 36, 61),
(14, 'AT', 'AUSTRIA', 'Austria', 'AUT', 40, 43),
(15, 'AZ', 'AZERBAIJAN', 'Azerbaijan', 'AZE', 31, 994),
(16, 'BS', 'BAHAMAS', 'Bahamas', 'BHS', 44, 1242),
(17, 'BH', 'BAHRAIN', 'Bahrain', 'BHR', 48, 973),
(18, 'BD', 'BANGLADESH', 'Bangladesh', 'BGD', 50, 880),
(19, 'BB', 'BARBADOS', 'Barbados', 'BRB', 52, 1246),
(20, 'BY', 'BELARUS', 'Belarus', 'BLR', 112, 375),
(21, 'BE', 'BELGIUM', 'Belgium', 'BEL', 56, 32),
(22, 'BZ', 'BELIZE', 'Belize', 'BLZ', 84, 501),
(23, 'BJ', 'BENIN', 'Benin', 'BEN', 204, 229),
(24, 'BM', 'BERMUDA', 'Bermuda', 'BMU', 60, 1441),
(25, 'BT', 'BHUTAN', 'Bhutan', 'BTN', 64, 975),
(26, 'BO', 'BOLIVIA', 'Bolivia', 'BOL', 68, 591),
(27, 'BA', 'BOSNIA AND HERZEGOVINA', 'Bosnia and Herzegovina', 'BIH', 70, 387),
(28, 'BW', 'BOTSWANA', 'Botswana', 'BWA', 72, 267),
(29, 'BV', 'BOUVET ISLAND', 'Bouvet Island', NULL, NULL, 0),
(30, 'BR', 'BRAZIL', 'Brazil', 'BRA', 76, 55),
(31, 'IO', 'BRITISH INDIAN OCEAN TERRITORY', 'British Indian Ocean Territory', NULL, NULL, 246),
(32, 'BN', 'BRUNEI DARUSSALAM', 'Brunei Darussalam', 'BRN', 96, 673),
(33, 'BG', 'BULGARIA', 'Bulgaria', 'BGR', 100, 359),
(34, 'BF', 'BURKINA FASO', 'Burkina Faso', 'BFA', 854, 226),
(35, 'BI', 'BURUNDI', 'Burundi', 'BDI', 108, 257),
(36, 'KH', 'CAMBODIA', 'Cambodia', 'KHM', 116, 855),
(37, 'CM', 'CAMEROON', 'Cameroon', 'CMR', 120, 237),
(38, 'CA', 'CANADA', 'Canada', 'CAN', 124, 1),
(39, 'CV', 'CAPE VERDE', 'Cape Verde', 'CPV', 132, 238),
(40, 'KY', 'CAYMAN ISLANDS', 'Cayman Islands', 'CYM', 136, 1345),
(41, 'CF', 'CENTRAL AFRICAN REPUBLIC', 'Central African Republic', 'CAF', 140, 236),
(42, 'TD', 'CHAD', 'Chad', 'TCD', 148, 235),
(43, 'CL', 'CHILE', 'Chile', 'CHL', 152, 56),
(44, 'CN', 'CHINA', 'China', 'CHN', 156, 86),
(45, 'CX', 'CHRISTMAS ISLAND', 'Christmas Island', NULL, NULL, 61),
(46, 'CC', 'COCOS (KEELING) ISLANDS', 'Cocos (Keeling) Islands', NULL, NULL, 672),
(47, 'CO', 'COLOMBIA', 'Colombia', 'COL', 170, 57),
(48, 'KM', 'COMOROS', 'Comoros', 'COM', 174, 269),
(49, 'CG', 'CONGO', 'Congo', 'COG', 178, 242),
(50, 'CD', 'CONGO, THE DEMOCRATIC REPUBLIC OF THE', 'Congo, the Democratic Republic of the', 'COD', 180, 242),
(51, 'CK', 'COOK ISLANDS', 'Cook Islands', 'COK', 184, 682),
(52, 'CR', 'COSTA RICA', 'Costa Rica', 'CRI', 188, 506),
(53, 'CI', 'COTE D\'IVOIRE', 'Cote D\'Ivoire', 'CIV', 384, 225),
(54, 'HR', 'CROATIA', 'Croatia', 'HRV', 191, 385),
(55, 'CU', 'CUBA', 'Cuba', 'CUB', 192, 53),
(56, 'CY', 'CYPRUS', 'Cyprus', 'CYP', 196, 357),
(57, 'CZ', 'CZECH REPUBLIC', 'Czech Republic', 'CZE', 203, 420),
(58, 'DK', 'DENMARK', 'Denmark', 'DNK', 208, 45),
(59, 'DJ', 'DJIBOUTI', 'Djibouti', 'DJI', 262, 253),
(60, 'DM', 'DOMINICA', 'Dominica', 'DMA', 212, 1767),
(61, 'DO', 'DOMINICAN REPUBLIC', 'Dominican Republic', 'DOM', 214, 1809),
(62, 'EC', 'ECUADOR', 'Ecuador', 'ECU', 218, 593),
(63, 'EG', 'EGYPT', 'Egypt', 'EGY', 818, 20),
(64, 'SV', 'EL SALVADOR', 'El Salvador', 'SLV', 222, 503),
(65, 'GQ', 'EQUATORIAL GUINEA', 'Equatorial Guinea', 'GNQ', 226, 240),
(66, 'ER', 'ERITREA', 'Eritrea', 'ERI', 232, 291),
(67, 'EE', 'ESTONIA', 'Estonia', 'EST', 233, 372),
(68, 'ET', 'ETHIOPIA', 'Ethiopia', 'ETH', 231, 251),
(69, 'FK', 'FALKLAND ISLANDS (MALVINAS)', 'Falkland Islands (Malvinas)', 'FLK', 238, 500),
(70, 'FO', 'FAROE ISLANDS', 'Faroe Islands', 'FRO', 234, 298),
(71, 'FJ', 'FIJI', 'Fiji', 'FJI', 242, 679),
(72, 'FI', 'FINLAND', 'Finland', 'FIN', 246, 358),
(73, 'FR', 'FRANCE', 'France', 'FRA', 250, 33),
(74, 'GF', 'FRENCH GUIANA', 'French Guiana', 'GUF', 254, 594),
(75, 'PF', 'FRENCH POLYNESIA', 'French Polynesia', 'PYF', 258, 689),
(76, 'TF', 'FRENCH SOUTHERN TERRITORIES', 'French Southern Territories', NULL, NULL, 0),
(77, 'GA', 'GABON', 'Gabon', 'GAB', 266, 241),
(78, 'GM', 'GAMBIA', 'Gambia', 'GMB', 270, 220),
(79, 'GE', 'GEORGIA', 'Georgia', 'GEO', 268, 995),
(80, 'DE', 'GERMANY', 'Germany', 'DEU', 276, 49),
(81, 'GH', 'GHANA', 'Ghana', 'GHA', 288, 233),
(82, 'GI', 'GIBRALTAR', 'Gibraltar', 'GIB', 292, 350),
(83, 'GR', 'GREECE', 'Greece', 'GRC', 300, 30),
(84, 'GL', 'GREENLAND', 'Greenland', 'GRL', 304, 299),
(85, 'GD', 'GRENADA', 'Grenada', 'GRD', 308, 1473),
(86, 'GP', 'GUADELOUPE', 'Guadeloupe', 'GLP', 312, 590),
(87, 'GU', 'GUAM', 'Guam', 'GUM', 316, 1671),
(88, 'GT', 'GUATEMALA', 'Guatemala', 'GTM', 320, 502),
(89, 'GN', 'GUINEA', 'Guinea', 'GIN', 324, 224),
(90, 'GW', 'GUINEA-BISSAU', 'Guinea-Bissau', 'GNB', 624, 245),
(91, 'GY', 'GUYANA', 'Guyana', 'GUY', 328, 592),
(92, 'HT', 'HAITI', 'Haiti', 'HTI', 332, 509),
(93, 'HM', 'HEARD ISLAND AND MCDONALD ISLANDS', 'Heard Island and Mcdonald Islands', NULL, NULL, 0),
(94, 'VA', 'HOLY SEE (VATICAN CITY STATE)', 'Holy See (Vatican City State)', 'VAT', 336, 39),
(95, 'HN', 'HONDURAS', 'Honduras', 'HND', 340, 504),
(96, 'HK', 'HONG KONG', 'Hong Kong', 'HKG', 344, 852),
(97, 'HU', 'HUNGARY', 'Hungary', 'HUN', 348, 36),
(98, 'IS', 'ICELAND', 'Iceland', 'ISL', 352, 354),
(99, 'IN', 'INDIA', 'India', 'IND', 356, 91),
(100, 'ID', 'INDONESIA', 'Indonesia', 'IDN', 360, 62),
(101, 'IR', 'IRAN, ISLAMIC REPUBLIC OF', 'Iran, Islamic Republic of', 'IRN', 364, 98),
(102, 'IQ', 'IRAQ', 'Iraq', 'IRQ', 368, 964),
(103, 'IE', 'IRELAND', 'Ireland', 'IRL', 372, 353),
(104, 'IL', 'ISRAEL', 'Israel', 'ISR', 376, 972),
(105, 'IT', 'ITALY', 'Italy', 'ITA', 380, 39),
(106, 'JM', 'JAMAICA', 'Jamaica', 'JAM', 388, 1876),
(107, 'JP', 'JAPAN', 'Japan', 'JPN', 392, 81),
(108, 'JO', 'JORDAN', 'Jordan', 'JOR', 400, 962),
(109, 'KZ', 'KAZAKHSTAN', 'Kazakhstan', 'KAZ', 398, 7),
(110, 'KE', 'KENYA', 'Kenya', 'KEN', 404, 254),
(111, 'KI', 'KIRIBATI', 'Kiribati', 'KIR', 296, 686),
(112, 'KP', 'KOREA, DEMOCRATIC PEOPLE\'S REPUBLIC OF', 'Korea, Democratic People\'s Republic of', 'PRK', 408, 850),
(113, 'KR', 'KOREA, REPUBLIC OF', 'Korea, Republic of', 'KOR', 410, 82),
(114, 'KW', 'KUWAIT', 'Kuwait', 'KWT', 414, 965),
(115, 'KG', 'KYRGYZSTAN', 'Kyrgyzstan', 'KGZ', 417, 996),
(116, 'LA', 'LAO PEOPLE\'S DEMOCRATIC REPUBLIC', 'Lao People\'s Democratic Republic', 'LAO', 418, 856),
(117, 'LV', 'LATVIA', 'Latvia', 'LVA', 428, 371),
(118, 'LB', 'LEBANON', 'Lebanon', 'LBN', 422, 961),
(119, 'LS', 'LESOTHO', 'Lesotho', 'LSO', 426, 266),
(120, 'LR', 'LIBERIA', 'Liberia', 'LBR', 430, 231),
(121, 'LY', 'LIBYAN ARAB JAMAHIRIYA', 'Libyan Arab Jamahiriya', 'LBY', 434, 218),
(122, 'LI', 'LIECHTENSTEIN', 'Liechtenstein', 'LIE', 438, 423),
(123, 'LT', 'LITHUANIA', 'Lithuania', 'LTU', 440, 370),
(124, 'LU', 'LUXEMBOURG', 'Luxembourg', 'LUX', 442, 352),
(125, 'MO', 'MACAO', 'Macao', 'MAC', 446, 853),
(126, 'MK', 'MACEDONIA, THE FORMER YUGOSLAV REPUBLIC OF', 'Macedonia, the Former Yugoslav Republic of', 'MKD', 807, 389),
(127, 'MG', 'MADAGASCAR', 'Madagascar', 'MDG', 450, 261),
(128, 'MW', 'MALAWI', 'Malawi', 'MWI', 454, 265),
(129, 'MY', 'MALAYSIA', 'Malaysia', 'MYS', 458, 60),
(130, 'MV', 'MALDIVES', 'Maldives', 'MDV', 462, 960),
(131, 'ML', 'MALI', 'Mali', 'MLI', 466, 223),
(132, 'MT', 'MALTA', 'Malta', 'MLT', 470, 356),
(133, 'MH', 'MARSHALL ISLANDS', 'Marshall Islands', 'MHL', 584, 692),
(134, 'MQ', 'MARTINIQUE', 'Martinique', 'MTQ', 474, 596),
(135, 'MR', 'MAURITANIA', 'Mauritania', 'MRT', 478, 222),
(136, 'MU', 'MAURITIUS', 'Mauritius', 'MUS', 480, 230),
(137, 'YT', 'MAYOTTE', 'Mayotte', NULL, NULL, 269),
(138, 'MX', 'MEXICO', 'Mexico', 'MEX', 484, 52),
(139, 'FM', 'MICRONESIA, FEDERATED STATES OF', 'Micronesia, Federated States of', 'FSM', 583, 691),
(140, 'MD', 'MOLDOVA, REPUBLIC OF', 'Moldova, Republic of', 'MDA', 498, 373),
(141, 'MC', 'MONACO', 'Monaco', 'MCO', 492, 377),
(142, 'MN', 'MONGOLIA', 'Mongolia', 'MNG', 496, 976),
(143, 'MS', 'MONTSERRAT', 'Montserrat', 'MSR', 500, 1664),
(144, 'MA', 'MOROCCO', 'Morocco', 'MAR', 504, 212),
(145, 'MZ', 'MOZAMBIQUE', 'Mozambique', 'MOZ', 508, 258),
(146, 'MM', 'MYANMAR', 'Myanmar', 'MMR', 104, 95),
(147, 'NA', 'NAMIBIA', 'Namibia', 'NAM', 516, 264),
(148, 'NR', 'NAURU', 'Nauru', 'NRU', 520, 674),
(149, 'NP', 'NEPAL', 'Nepal', 'NPL', 524, 977),
(150, 'NL', 'NETHERLANDS', 'Netherlands', 'NLD', 528, 31),
(151, 'AN', 'NETHERLANDS ANTILLES', 'Netherlands Antilles', 'ANT', 530, 599),
(152, 'NC', 'NEW CALEDONIA', 'New Caledonia', 'NCL', 540, 687),
(153, 'NZ', 'NEW ZEALAND', 'New Zealand', 'NZL', 554, 64),
(154, 'NI', 'NICARAGUA', 'Nicaragua', 'NIC', 558, 505),
(155, 'NE', 'NIGER', 'Niger', 'NER', 562, 227),
(156, 'NG', 'NIGERIA', 'Nigeria', 'NGA', 566, 234),
(157, 'NU', 'NIUE', 'Niue', 'NIU', 570, 683),
(158, 'NF', 'NORFOLK ISLAND', 'Norfolk Island', 'NFK', 574, 672),
(159, 'MP', 'NORTHERN MARIANA ISLANDS', 'Northern Mariana Islands', 'MNP', 580, 1670),
(160, 'NO', 'NORWAY', 'Norway', 'NOR', 578, 47),
(161, 'OM', 'OMAN', 'Oman', 'OMN', 512, 968),
(162, 'PK', 'PAKISTAN', 'Pakistan', 'PAK', 586, 92),
(163, 'PW', 'PALAU', 'Palau', 'PLW', 585, 680),
(164, 'PS', 'PALESTINIAN TERRITORY, OCCUPIED', 'Palestinian Territory, Occupied', NULL, NULL, 970),
(165, 'PA', 'PANAMA', 'Panama', 'PAN', 591, 507),
(166, 'PG', 'PAPUA NEW GUINEA', 'Papua New Guinea', 'PNG', 598, 675),
(167, 'PY', 'PARAGUAY', 'Paraguay', 'PRY', 600, 595),
(168, 'PE', 'PERU', 'Peru', 'PER', 604, 51),
(169, 'PH', 'PHILIPPINES', 'Philippines', 'PHL', 608, 63),
(170, 'PN', 'PITCAIRN', 'Pitcairn', 'PCN', 612, 0),
(171, 'PL', 'POLAND', 'Poland', 'POL', 616, 48),
(172, 'PT', 'PORTUGAL', 'Portugal', 'PRT', 620, 351),
(173, 'PR', 'PUERTO RICO', 'Puerto Rico', 'PRI', 630, 1787),
(174, 'QA', 'QATAR', 'Qatar', 'QAT', 634, 974),
(175, 'RE', 'REUNION', 'Reunion', 'REU', 638, 262),
(176, 'RO', 'ROMANIA', 'Romania', 'ROM', 642, 40),
(177, 'RU', 'RUSSIAN FEDERATION', 'Russian Federation', 'RUS', 643, 70),
(178, 'RW', 'RWANDA', 'Rwanda', 'RWA', 646, 250),
(179, 'SH', 'SAINT HELENA', 'Saint Helena', 'SHN', 654, 290),
(180, 'KN', 'SAINT KITTS AND NEVIS', 'Saint Kitts and Nevis', 'KNA', 659, 1869),
(181, 'LC', 'SAINT LUCIA', 'Saint Lucia', 'LCA', 662, 1758),
(182, 'PM', 'SAINT PIERRE AND MIQUELON', 'Saint Pierre and Miquelon', 'SPM', 666, 508),
(183, 'VC', 'SAINT VINCENT AND THE GRENADINES', 'Saint Vincent and the Grenadines', 'VCT', 670, 1784),
(184, 'WS', 'SAMOA', 'Samoa', 'WSM', 882, 684),
(185, 'SM', 'SAN MARINO', 'San Marino', 'SMR', 674, 378),
(186, 'ST', 'SAO TOME AND PRINCIPE', 'Sao Tome and Principe', 'STP', 678, 239),
(187, 'SA', 'SAUDI ARABIA', 'Saudi Arabia', 'SAU', 682, 966),
(188, 'SN', 'SENEGAL', 'Senegal', 'SEN', 686, 221),
(189, 'CS', 'SERBIA AND MONTENEGRO', 'Serbia and Montenegro', NULL, NULL, 381),
(190, 'SC', 'SEYCHELLES', 'Seychelles', 'SYC', 690, 248),
(191, 'SL', 'SIERRA LEONE', 'Sierra Leone', 'SLE', 694, 232),
(192, 'SG', 'SINGAPORE', 'Singapore', 'SGP', 702, 65),
(193, 'SK', 'SLOVAKIA', 'Slovakia', 'SVK', 703, 421),
(194, 'SI', 'SLOVENIA', 'Slovenia', 'SVN', 705, 386),
(195, 'SB', 'SOLOMON ISLANDS', 'Solomon Islands', 'SLB', 90, 677),
(196, 'SO', 'SOMALIA', 'Somalia', 'SOM', 706, 252),
(197, 'ZA', 'SOUTH AFRICA', 'South Africa', 'ZAF', 710, 27),
(198, 'GS', 'SOUTH GEORGIA AND THE SOUTH SANDWICH ISLANDS', 'South Georgia and the South Sandwich Islands', NULL, NULL, 0),
(199, 'ES', 'SPAIN', 'Spain', 'ESP', 724, 34),
(200, 'LK', 'SRI LANKA', 'Sri Lanka', 'LKA', 144, 94),
(201, 'SD', 'SUDAN', 'Sudan', 'SDN', 736, 249),
(202, 'SR', 'SURINAME', 'Suriname', 'SUR', 740, 597),
(203, 'SJ', 'SVALBARD AND JAN MAYEN', 'Svalbard and Jan Mayen', 'SJM', 744, 47),
(204, 'SZ', 'SWAZILAND', 'Swaziland', 'SWZ', 748, 268),
(205, 'SE', 'SWEDEN', 'Sweden', 'SWE', 752, 46),
(206, 'CH', 'SWITZERLAND', 'Switzerland', 'CHE', 756, 41),
(207, 'SY', 'SYRIAN ARAB REPUBLIC', 'Syrian Arab Republic', 'SYR', 760, 963),
(208, 'TW', 'TAIWAN, PROVINCE OF CHINA', 'Taiwan, Province of China', 'TWN', 158, 886),
(209, 'TJ', 'TAJIKISTAN', 'Tajikistan', 'TJK', 762, 992),
(210, 'TZ', 'TANZANIA, UNITED REPUBLIC OF', 'Tanzania, United Republic of', 'TZA', 834, 255),
(211, 'TH', 'THAILAND', 'Thailand', 'THA', 764, 66),
(212, 'TL', 'TIMOR-LESTE', 'Timor-Leste', NULL, NULL, 670),
(213, 'TG', 'TOGO', 'Togo', 'TGO', 768, 228),
(214, 'TK', 'TOKELAU', 'Tokelau', 'TKL', 772, 690),
(215, 'TO', 'TONGA', 'Tonga', 'TON', 776, 676),
(216, 'TT', 'TRINIDAD AND TOBAGO', 'Trinidad and Tobago', 'TTO', 780, 1868),
(217, 'TN', 'TUNISIA', 'Tunisia', 'TUN', 788, 216),
(218, 'TR', 'TURKEY', 'Turkey', 'TUR', 792, 90),
(219, 'TM', 'TURKMENISTAN', 'Turkmenistan', 'TKM', 795, 7370),
(220, 'TC', 'TURKS AND CAICOS ISLANDS', 'Turks and Caicos Islands', 'TCA', 796, 1649),
(221, 'TV', 'TUVALU', 'Tuvalu', 'TUV', 798, 688),
(222, 'UG', 'UGANDA', 'Uganda', 'UGA', 800, 256),
(223, 'UA', 'UKRAINE', 'Ukraine', 'UKR', 804, 380),
(224, 'AE', 'UNITED ARAB EMIRATES', 'United Arab Emirates', 'ARE', 784, 971),
(225, 'GB', 'UNITED KINGDOM', 'United Kingdom', 'GBR', 826, 44),
(226, 'US', 'UNITED STATES', 'United States', 'USA', 840, 1),
(227, 'UM', 'UNITED STATES MINOR OUTLYING ISLANDS', 'United States Minor Outlying Islands', NULL, NULL, 1),
(228, 'UY', 'URUGUAY', 'Uruguay', 'URY', 858, 598),
(229, 'UZ', 'UZBEKISTAN', 'Uzbekistan', 'UZB', 860, 998),
(230, 'VU', 'VANUATU', 'Vanuatu', 'VUT', 548, 678),
(231, 'VE', 'VENEZUELA', 'Venezuela', 'VEN', 862, 58),
(232, 'VN', 'VIET NAM', 'Viet Nam', 'VNM', 704, 84),
(233, 'VG', 'VIRGIN ISLANDS, BRITISH', 'Virgin Islands, British', 'VGB', 92, 1284),
(234, 'VI', 'VIRGIN ISLANDS, U.S.', 'Virgin Islands, U.s.', 'VIR', 850, 1340),
(235, 'WF', 'WALLIS AND FUTUNA', 'Wallis and Futuna', 'WLF', 876, 681),
(236, 'EH', 'WESTERN SAHARA', 'Western Sahara', 'ESH', 732, 212),
(237, 'YE', 'YEMEN', 'Yemen', 'YEM', 887, 967),
(238, 'ZM', 'ZAMBIA', 'Zambia', 'ZMB', 894, 260),
(239, 'ZW', 'ZIMBABWE', 'Zimbabwe', 'ZWE', 716, 263);

-- --------------------------------------------------------

--
-- Table structure for table `tbladministrator`
--

CREATE TABLE `tbladministrator` (
  `fldAdministratorID` int(10) UNSIGNED NOT NULL,
  `fldAdministratorEmail` varchar(150) DEFAULT NULL,
  `fldAdministratorPassword` varchar(250) DEFAULT NULL,
  `fldAdministratorName` varchar(150) DEFAULT NULL,
  `fldAdministratorContactNo` varchar(150) DEFAULT NULL
) ENGINE=InnoDB DEFAULT CHARSET=latin1;

--
-- Dumping data for table `tbladministrator`
--

INSERT INTO `tbladministrator` (`fldAdministratorID`, `fldAdministratorEmail`, `fldAdministratorPassword`, `fldAdministratorName`, `fldAdministratorContactNo`) VALUES
(1, 'tommy@tbltechnerds.com', '$2y$10$T4F1TGG7ufEs1POz.EUPHOpleMD3o0z46XlBDsj38XAYN.7nPbPd2', 'Thomas', '8459438855'),
(2, 'tommy.woodfin@gmail.com', '$2y$10$0kvPKiQeYpCNBs5EibmRN.HsubtWqDMNwWnglwjeVnRtGMeMumKDS', 'Tommy', '1234567890');

-- --------------------------------------------------------

--
-- Table structure for table `tblsms`
--

CREATE TABLE `tblsms` (
  `fldSMSID` int(10) UNSIGNED NOT NULL,
  `fldSMSUserID` varchar(100) DEFAULT NULL,
  `fldSMSMessageID` varchar(100) DEFAULT NULL,
  `fldSMSPhone` varchar(100) DEFAULT NULL,
  `fldSMSClientID` varchar(100) DEFAULT NULL,
  `fldSMSUserStatus` varchar(100) DEFAULT NULL,
  `fldSMSContent` text,
  `fldSMSReceive` varchar(10) DEFAULT NULL,
  `fldSMSDate` datetime DEFAULT NULL,
  `fldSMSType` int(11) NOT NULL DEFAULT '1' COMMENT '1 = Send 2 = Reply'
) ENGINE=InnoDB DEFAULT CHARSET=latin1;

--
-- Dumping data for table `tblsms`
--

INSERT INTO `tblsms` (`fldSMSID`, `fldSMSUserID`, `fldSMSMessageID`, `fldSMSPhone`, `fldSMSClientID`, `fldSMSUserStatus`, `fldSMSContent`, `fldSMSReceive`, `fldSMSDate`, `fldSMSType`) VALUES
(38, '235', '1', '8459438855', '941385', NULL, 'This is a test', NULL, '2017-07-15 04:42:39', 1),
(39, '235', '2', '8459438855', '941385', NULL, 'This is a test', NULL, '2017-07-15 04:45:48', 1),
(40, '236', '1', '8801821032435', '661095', NULL, 'This is a test', NULL, '2017-07-15 04:45:49', 1),
(41, '236', '2', '8801821032435', '661095', NULL, '2nd test', NULL, '2017-07-15 04:53:14', 1),
(42, '236', '3', '8801821032435', '661095', NULL, 'This is a test', NULL, '2017-07-15 05:00:16', 1),
(43, '231', '1', '8459438855', '183319', NULL, 'This is a test', NULL, '2017-07-15 05:25:04', 1),
(44, '237', '1', '639568857522', '934295', NULL, 'This is a test', NULL, '2017-07-15 05:25:05', 1),
(45, '209', '1', '1234567890', '345110', NULL, 'Hey', NULL, '2017-07-16 14:20:29', 1),
(46, '212', '1', '1234567890', '475111', NULL, 'Hey', NULL, '2017-07-16 14:20:30', 1),
(47, '214', '1', '1234567890', '831206', NULL, 'Hey', NULL, '2017-07-16 14:20:30', 1),
(48, '215', '1', '1234567890', '587986', NULL, 'Hey', NULL, '2017-07-16 14:20:31', 1),
(49, '216', '1', '1234567890', '667840', NULL, 'Hey', NULL, '2017-07-16 14:20:32', 1),
(50, '218', '1', '1234567890', '702332', NULL, 'Hey', NULL, '2017-07-16 14:20:32', 1),
(51, '219', '1', '1234567890', '434064', NULL, 'Hey', NULL, '2017-07-16 14:20:33', 1),
(52, '220', '1', '1234567890', '689288', NULL, 'Hey', NULL, '2017-07-16 14:20:33', 1),
(53, '221', '1', '1234567890', '956972', NULL, 'Hey', NULL, '2017-07-16 14:20:34', 1),
(54, '226', '1', '1234567890', '943298', NULL, 'Hey', NULL, '2017-07-16 14:20:35', 1),
(55, '228', '1', '1234567890', '259163', NULL, 'Hey', NULL, '2017-07-16 14:20:35', 1),
(56, '229', '1', '1217867662', '987872', NULL, 'Hey', NULL, '2017-07-16 14:20:36', 1),
(57, '232', '1', '1234567890', '414578', NULL, 'Hey', NULL, '2017-07-16 14:20:36', 1),
(58, '234', '1', '1234567890', '642256', NULL, 'Hey', NULL, '2017-07-16 14:20:37', 1),
(59, '235', '3', '8459438855', '941385', NULL, 'Test message from console', NULL, '2017-07-16 21:10:26', 1),
(60, '236', '4', '8801821032435', '661095', NULL, 'Test message from console', NULL, '2017-07-16 21:10:27', 1),
(61, '235', '4', '8459438855', '941385', NULL, 'Test message', NULL, '2017-07-16 22:59:28', 1),
(62, '235', '5', '8459438855', '941385', NULL, 'Send all message', NULL, '2017-07-16 23:00:04', 1),
(63, '236', '5', '8801821032435', '661095', NULL, 'Send all message', NULL, '2017-07-16 23:00:05', 1),
(64, '235', '6', '8459438855', '941385', NULL, 'Individual message functionality, please reply', NULL, '2017-07-16 23:05:11', 1),
(65, '235', '7', '8459438855', '941385', NULL, 'Second test for individual message', NULL, '2017-07-16 23:05:36', 1),
(66, '235', '8', '8459438855', '941385', NULL, 'Test reply sms', NULL, '2017-07-16 23:26:19', 1),
(67, '235', '9', '8459438855', '941385', NULL, 'Second test reply sms', NULL, '2017-07-16 23:27:07', 1),
(68, '235', '10', '8459438855', '941385', NULL, 'Test send message', NULL, '2017-07-17 21:38:33', 1),
(69, '236', '6', '8801821032435', '661095', NULL, 'Test sms', NULL, '2017-07-17 21:40:25', 1),
(70, '235', '11', '8459438855', '941385', NULL, 'Please send a reply message.', NULL, '2017-07-17 22:23:14', 1),
(71, '235', '12', '8459438855', '941385', NULL, 'Please reply', NULL, '2017-07-17 22:27:46', 1),
(72, '236', '7', '8801821032435', '661095', NULL, 'Please reply', NULL, '2017-07-17 22:27:46', 1),
(74, '236', '7', '+8801821032435', '661095', NULL, 'Again reply', '1', '2017-07-17 23:30:09', 2),
(75, '236', '8', '8801821032435', '661095', NULL, 'Please reply on this test sms. Thanks', NULL, '2017-07-18 01:34:55', 1),
(76, '235', '13', '8459438855', '941385', NULL, 'Reply on this test message', NULL, '2017-07-18 20:19:40', 1),
(77, '236', '9', '8801821032435', '661095', NULL, 'Reply on this test message', NULL, '2017-07-18 20:19:41', 1),
(78, '248', '1', '4105075917', '810521', NULL, 'testing', NULL, '2017-07-24 22:08:30', 1),
(79, '250', '1', '4434862364', '387178', NULL, 'testing SMS ', NULL, '2017-07-24 22:08:56', 1),
(80, '248', '1', '+14105075917', '810521', NULL, 'Got it', '1', '2017-07-24 22:12:01', 2),
(81, '250', '1', '+14434862364', '387178', NULL, 'Fuck off', '1', '2017-07-24 22:12:01', 2),
(82, '248', '1', '+14105075917', '810521', NULL, 'Got it', '2', '2017-07-24 22:12:01', 2),
(83, '250', '2', '4434862364', '387178', NULL, 'bottom right is correct\r\n', NULL, '2017-07-24 22:20:41', 1),
(84, '254', '1', '4434862364', '568971', NULL, 'testing', NULL, '2017-07-25 12:12:10', 1),
(85, '253', '1', '4105075917', '427983', NULL, 'testtttttiiiinnnngggg', NULL, '2017-07-25 12:12:21', 1),
(86, '253', '1', '+14105075917', '427983', NULL, 'Yeppers', '1', '2017-07-25 12:25:18', 2),
(87, '254', '1', '+14434862364', '568971', NULL, 'You message came', '1', '2017-07-25 12:25:18', 2),
(88, '261', '1', '4434862364', '867403', NULL, 'Test SMS', NULL, '2017-08-01 12:42:08', 1),
(89, '264', '1', '4105075917', '315310', NULL, 'Test', NULL, '2017-08-01 13:08:22', 1),
(90, '266', '1', '4434862364', '295507', NULL, 'Test', NULL, '2017-08-01 13:09:47', 1),
(91, '264', '2', '4105075917', '315310', NULL, 'test', NULL, '2017-08-01 16:51:41', 1),
(92, '235', '14', '8459438855', '941385', NULL, 'This is a test sms', NULL, '2017-08-01 20:07:57', 1),
(93, '236', '10', '1234567890', '661095', NULL, 'This is a test sms', NULL, '2017-08-01 20:07:58', 1),
(94, '264', '2', '+14105075917', '315310', NULL, 'Recirculating d', '1', '2017-08-01 20:10:15', 2),
(95, '259', '1', '8459438855', '562792', NULL, 'Test sms', NULL, '2017-08-01 20:35:28', 1),
(96, '255', '1', '8459438855', '657967', NULL, 'Test sms', NULL, '2017-08-01 20:35:42', 1),
(97, '259', '2', '8459438855', '562792', NULL, '2nd sms message', NULL, '2017-08-01 20:46:42', 1),
(98, '255', '2', '8459438855', '657967', NULL, '2nd sms message for transport', NULL, '2017-08-01 20:46:54', 1),
(99, '235', '15', '8459438855', '941385', NULL, 'Test', NULL, '2017-08-01 20:57:08', 1),
(100, '235', '16', '8459438855', '941385', NULL, 'Test', NULL, '2017-08-01 20:57:09', 1),
(101, '278', '1', '639568857522', '906280', NULL, 'This is a test message', NULL, '2017-08-02 05:16:54', 1),
(102, '277', '1', '1234567890', '747176', NULL, 'Test', NULL, '2017-08-02 05:25:08', 1),
(103, '259', '3', '8459438855', '562792', NULL, 'Test ', NULL, '2017-08-02 05:44:26', 1),
(104, '255', '3', '8459438855', '657967', NULL, 'Test ', NULL, '2017-08-02 05:44:37', 1),
(105, '277', '2', '1234567890', '747176', NULL, 'test message', NULL, '2017-08-02 05:49:59', 1),
(106, '278', '2', '639568857522', '906280', NULL, 'test message', NULL, '2017-08-02 05:50:24', 1),
(107, '313', '1', '4434862364', '445782', NULL, 'yes i see and hear you', NULL, '2017-09-26 13:25:10', 1),
(108, '313', '2', '4434862364', '445782', NULL, 'yes it did stop....', NULL, '2017-09-26 13:26:35', 1),
(109, '314', '1', '4105075917', '561419', NULL, 'test 10-30-2017', NULL, '2017-10-30 09:21:10', 1),
(110, '313', '3', '4434862364', '445782', NULL, 'test LiveWitness SMS 10-30-2017', NULL, '2017-10-30 09:21:43', 1),
(111, '354', '1', '8459438855', '458703', NULL, 'Test ', NULL, '2017-11-14 05:04:27', 1),
(112, '355', '1', '8459438855', '581259', NULL, 'Test trans ', NULL, '2017-11-14 05:05:02', 1),
(113, '373', '1', '4105075917', '861865', NULL, 'test', NULL, '2018-02-06 16:24:38', 1),
(114, '373', '2', '4105075917', '861865', NULL, 'test', NULL, '2018-02-27 13:06:07', 1),
(115, '373', '2', '+14105075917', '861865', NULL, 'Got it', '1', '2018-02-27 13:07:52', 2),
(116, '373', '2', '+14105075917', '861865', NULL, 'Copy', '2', '2018-02-27 13:07:52', 2),
(117, '427', '1', '4106937382', '805079', NULL, 'testing', NULL, '2018-04-10 12:51:09', 1),
(118, '417', '1', '8459438855', '654816', NULL, 'you can come back', NULL, '2018-05-16 13:55:30', 1),
(119, '432', '1', '4155701813', '166339', NULL, 'you can come back', NULL, '2018-05-16 13:55:31', 1),
(120, '437', '1', '4434862364', '182680', NULL, 'you can come back', NULL, '2018-05-16 13:55:32', 1),
(121, '441', '1', '4105701813', '696984', NULL, 'is everything ok?', NULL, '2018-08-11 20:29:35', 1);

-- --------------------------------------------------------

--
-- Table structure for table `tbluser`
--

CREATE TABLE `tbluser` (
  `fldUserID` int(10) UNSIGNED NOT NULL,
  `fldUsersFullname` varchar(150) DEFAULT NULL,
  `fldUsersEmail` varchar(150) DEFAULT NULL,
  `fldUsersMobile` varchar(100) DEFAULT NULL,
  `fldUsersUserName` varchar(100) DEFAULT NULL,
  `fldUsersPassword` varchar(100) DEFAULT NULL,
  `fldUsersAccessCode` varchar(100) DEFAULT NULL,
  `fldUserLevel` varchar(100) DEFAULT NULL,
  `fldUserStatus` varchar(10) DEFAULT NULL,
  `fldUserSecurityCode` varchar(10) DEFAULT NULL,
  `fldUserSCStatus` varchar(10) DEFAULT NULL,
  `fldUsersCommanderID` varchar(10) DEFAULT NULL,
  `fldUserFirebaseKey` varchar(150) DEFAULT NULL,
  `fldUserMultipleLocationKey` varchar(250) DEFAULT NULL,
  `fldUsersNextEvent` int(11) DEFAULT '0',
  `fldUserLoggedStatus` int(11) NOT NULL DEFAULT '0' COMMENT '1 = Start 0 = Stop',
  `fldUsersTransportID` varchar(150) DEFAULT NULL,
  `fldUserAPIToken` varchar(250) DEFAULT NULL,
  `fldIsCrashApp` int(11) NOT NULL DEFAULT '0' COMMENT '1 = Crash',
  `fldUserCountryCode` varchar(10) DEFAULT NULL,
  `fldUserCountryID` varchar(50) DEFAULT NULL,
  `fldUserSecurity` varchar(250) DEFAULT NULL,
  `fldUsersPasswordTxt` varchar(150) DEFAULT NULL
) ENGINE=InnoDB DEFAULT CHARSET=latin1;

--
-- Dumping data for table `tbluser`
--

INSERT INTO `tbluser` (`fldUserID`, `fldUsersFullname`, `fldUsersEmail`, `fldUsersMobile`, `fldUsersUserName`, `fldUsersPassword`, `fldUsersAccessCode`, `fldUserLevel`, `fldUserStatus`, `fldUserSecurityCode`, `fldUserSCStatus`, `fldUsersCommanderID`, `fldUserFirebaseKey`, `fldUserMultipleLocationKey`, `fldUsersNextEvent`, `fldUserLoggedStatus`, `fldUsersTransportID`, `fldUserAPIToken`, `fldIsCrashApp`, `fldUserCountryCode`, `fldUserCountryID`, `fldUserSecurity`, `fldUsersPasswordTxt`) VALUES
(90, 'Taylor Jackson', 'taylor@witnessone.com', '4434862364', 'taylor', '$2y$12$/wmPY0mJwO/uf5yhunC7gOHdYHfsiElIpsoURZOKekzt6s3snhZPW', '182505', 'commander', '2', '938901', '0', NULL, NULL, NULL, 0, 0, NULL, '6JmSklP1YApUv59ypS2R5NSHwU8fid4kRUOkGr9RkYEfvom6mFaEMhU', 0, NULL, NULL, NULL, NULL),
(97, 'Agent1', 'tom.mywoodfin@gmail.com', '8459438855', 'taylor_agent', '$2y$12$/wmPY0mJwO/uf5yhunC7gOHdYHfsiElIpsoURZOKekzt6s3snhZPW', '952370', 'agent', '1', NULL, NULL, '95', NULL, NULL, 0, 0, NULL, NULL, 0, NULL, NULL, NULL, NULL),
(98, 'Trans1', 'tomm.ywoodfin@gmail.com', '8459438855', 'taylor_transport', '$2y$12$/wmPY0mJwO/uf5yhunC7gOHdYHfsiElIpsoURZOKekzt6s3snhZPW', '989749', 'transport', '0', NULL, NULL, '95', NULL, NULL, 0, 0, NULL, NULL, 0, NULL, NULL, NULL, NULL),
(128, 'Shawn', 'shawn@0321technologies.com', '4105075917', 'shawn', '$2y$10$cS9bMkUzzxD7XsJ9JzMSrOGBw7.nPcrOmYT/SSIZlNiSuG86g06HC', '395046', 'commander', '2', '436640', '0', NULL, NULL, NULL, 0, 0, NULL, 'VV7rLbVRwtAhvBDcgY22w37ShwtnZOIyVqg9ous0WWFzkPxbAbQ91PK', 0, '+93', '1', NULL, NULL),
(158, 'Tommy', 'tom+32@tbltechnerds.com', '1234567890', 'tommy3', '$2y$10$uAKfovY4eUSHOrvlnDg6feoWjyhFlmQNt3yiV8tFWPdZFAxw0WubK', '570914', 'commander', '2', '779374', '0', NULL, NULL, NULL, 0, 0, NULL, 'TKHbzRrcTKAsX7pdYlqMHGNJwtAoZOBMxuUBJDMyhWp2Zymaz4blkcT', 0, NULL, NULL, NULL, NULL),
(160, 'Transport 1', 'transport+1@email.com', '1234567890', NULL, NULL, '562416', 'transport', '0', NULL, NULL, '158', NULL, NULL, 0, 0, NULL, NULL, 0, NULL, NULL, NULL, NULL),
(162, 'Agent 1', 'agent+1@email.com1', '1234567890', NULL, NULL, '137766', 'agent', '1', NULL, NULL, '158', NULL, NULL, 0, 0, NULL, NULL, 0, NULL, NULL, NULL, NULL),
(184, 'Tommy', 'tommy+2@tbltechnerds.com', '8459438855', 'tommy11 ', '$2y$10$t./XUGh1xTVK45fum2OPWOEhpqObr1IdF07iuNopknaZhdz6W0h.W', '295599', 'commander', '2', '401380', '0', NULL, NULL, NULL, 0, 0, NULL, 'kWlYkA0x3c549FCt0fO4xJFQaaSI6aHtxjyS4UPzd5EjmB196R3BAHI', 0, NULL, NULL, NULL, NULL),
(191, 'Agent1', 'agent1@witnessone.com', '8459438855', NULL, NULL, '503217', 'agent', '1', NULL, NULL, '190', NULL, NULL, 0, 0, '0', NULL, 0, NULL, NULL, NULL, NULL),
(192, 'Trans1', 'trans1@witnessone.com', '8459438855', NULL, NULL, '789482', 'transport', '0', NULL, NULL, '190', NULL, NULL, 0, 0, '0', NULL, 0, NULL, NULL, NULL, NULL),
(204, 'Tommy', 'tommy2@tbltechnerds.com', '8459438855', 'Tommy2', '$2y$10$Zwb.ZusW/xnfzFINCKPpbuoGhMvNaeD1f9NzqEfIpcKuKLorvfRi6', '346294', 'commander', '2', '790892', '0', NULL, NULL, NULL, 0, 0, NULL, 'k60EzXlNJYI8PsYxQvjEe02ivXVJG76Tn6yauGncydoJzWetqVCwWlK', 0, NULL, NULL, NULL, NULL),
(205, 'Tommy', 'tommy13@tbltechnerds.com', '8459438855', 'Tommy13', '$2y$10$qy9OWn68AOugYW56SiM3r.mgnXJggKlpJnsArrJb3jJYOjNKADP5m', '510807', 'commander', '2', '245629', '1', NULL, NULL, NULL, 0, 0, NULL, 'ujEksTfYrfTuKZXGAHsjWKgg1zfnrCxAT3o7pgkezORa3hP9HrrRgup', 0, NULL, NULL, NULL, NULL),
(206, 'Trans1', 'trans1@tbltechnerds.com', '8459438855', NULL, NULL, '716703', 'transport', '0', NULL, NULL, '205', NULL, NULL, 0, 0, '0', NULL, 0, NULL, NULL, NULL, NULL),
(207, 'Agent1', 'agent1@tbltechnerds.com', '8459438855', NULL, NULL, '800383', 'agent', '1', NULL, NULL, '205', NULL, NULL, 0, 0, '206', NULL, 0, NULL, NULL, NULL, NULL),
(208, 'Tommy4', 'tommy@tbltechnerds.com', '1222222', 'tommy4', '$2y$10$6GuNzYVM39ouokAgOyPA3u84Q5xjM6C4qe65YzyfLNx31GL160AX6', '188200', 'commander', '2', '576459', '0', NULL, NULL, NULL, 0, 0, NULL, '1KGoFqaowTWf6fIY033TyUPJap5j8g7muyJyAoEEI2UlQ6fk1r1rEMR', 0, '+1', '226', NULL, NULL),
(230, 'Tom', 'tommy@tbltechnerds.com', '8459438855', 'tommy5', '$2y$10$61h1lc8VMYD4spqV.RXoRuyn1a/eAnPSut4SegYEWWIpbdTZKj8V2', '146491', 'commander', '2', '510643', '0', NULL, NULL, NULL, 0, 0, NULL, 'WbEVcbXpCUguGyxRsDEIMDWhqsaeR7inPZHPpf6xzIUaPfl1iZHWOZZ', 0, NULL, NULL, NULL, NULL),
(304, 'Tommy', 'tommy@tbltechnerds.com', '1234567890', 'tommy6', '$2y$10$cwfOTJaagueOxAU7GOu76uq/QkzIWtV3DrD.oVkErlZlMfWZ5xNRm', '681233', 'commander', '2', '486641', '0', NULL, NULL, NULL, 0, 0, NULL, 'qGzDGarWOchAqO4fnmtly3ax8NOgLuDehDqRQmcB3piMRNLBdwxOKb1', 0, NULL, NULL, NULL, NULL),
(315, 'thomas woodfin', 'tommy.woodfin@gmail.com', '8459438855', 'thomas', '$2y$10$tPGLcR7hzWsiwlbACR0gmO3ynvgImtNSJZvkBKfEb3C77APrCuwaq', '737439', 'commander', '2', '558741', '0', NULL, NULL, NULL, 0, 0, NULL, 'VHSK976Gy80ZYThcMHSZQzZrt0uDDi6yuIkXRbxuYuA5PFqIUaVWYcl', 0, NULL, NULL, '0f1f9b603815dca3e3e1652905dd39ea5ed28621', NULL),
(316, 'test1017', 'tommy.woodfin@gmail.com', '8459438855', NULL, NULL, '493595', 'agent', '1', NULL, NULL, '315', '-KxTTLj_UXIWFyks0cdu', '0xymWB71PsilWRPtpwLb', 8, 1, '317', 'BprYkLoeY3PLQ1WOgIHLlvr1HmTWIxupgPr5spU4Qlm6ehUypg2s756', 0, NULL, NULL, NULL, NULL),
(317, 'thomas woodfin', 'tommy.woodfin@gmail.com', '8459438855', NULL, NULL, '177354', 'transport', '0', NULL, NULL, '315', NULL, NULL, 0, 0, '0', NULL, 0, NULL, NULL, NULL, NULL),
(318, 'Tommy', 'tom.mywoodfin@gmail.com', '8459438855', 'Tommy9', '$2y$10$xUlsG8E720XZXJZBiiPZnux96aQrxtKHYnQM92Qd35/UwTgRt2zIS', '771565', 'commander', '2', '586494', '1', NULL, NULL, NULL, 0, 0, NULL, 'P2wsgbW4bonNT9Do5loAHjVAGgXVUuXT6RkkZwlO7r5qmBc8eBziYW4', 0, NULL, NULL, NULL, NULL),
(320, 'Agent 1', 'agent+1@email.com', '8459438855', NULL, NULL, '366388', 'agent', '1', NULL, NULL, '230', '', '', 0, 0, '490', '5BSC6bvIt42dynzohXlw5bGLPab126lo2bHXwboIO3RuKY8cqTipS20', 1, NULL, NULL, NULL, NULL),
(321, 'Transport 1', 'transport@email.com', '8459438855', NULL, NULL, '566158', 'transport', '0', NULL, NULL, '230', '', '', 0, 0, '0', 'reGgklEvn2rWPggB1cWuyv60TRBRleaAUjbjB0jJrVf416b6wru3I0A', 0, NULL, NULL, NULL, NULL),
(326, 'Agent 2', 'agent+2@email.com', '1234567890', NULL, NULL, '437521', 'agent', '1', NULL, NULL, '230', '', '', 0, 1, '327', '1cdRbHEyKws2XhkRK81GXsNhUuvcSiSmRBTPvVBUBysLZiRjEmAAJko', 1, NULL, NULL, NULL, NULL),
(327, 'Transport 2', 'transport+2@email.com', '1234567890', NULL, NULL, '801894', 'transport', '0', NULL, NULL, '230', '', '', 0, 0, '0', 'x9HN1VgFuoCiDuE6fFJmHQH82IOIj1YGBurH1RYaQskRE1Fl3ikZMB5', 0, NULL, NULL, NULL, NULL),
(328, 'LWWT AGENT 1', 'taylor@witnessone.com', '4434862364', NULL, 'password', '584594', 'agent', '1', NULL, NULL, '90', NULL, NULL, 0, 0, '329', NULL, 0, NULL, NULL, NULL, '123413'),
(329, 'LWWT Transport 1', 'taylor@witnessone.com', '4434862364', NULL, NULL, '395056', 'transport', '0', NULL, NULL, '90', NULL, NULL, 0, 0, '0', NULL, 0, NULL, NULL, NULL, NULL),
(335, 'Transport Tommy', 'tommy.woodfin@gmail.com', '1222222', 'tom', '$2y$10$fevD7DultS2cVdFQa6MO3OR3QVCrKtsfipEu9ZSApzJwJBqrnVT2i', '955063', 'transport', '0', NULL, NULL, '208', '', 'IjqQqY0MV6Blq3FpwPXR', 116, 0, '0', 'wUuoqQ5LAivEZj1AOUnplkcWTam0Aw9uqKVgxRc53jFvKbsMhXtYk6J', 1, '+1', '226', NULL, '123456'),
(346, 'Tommy Woodfin', 'tommy@tbldevs.com', '8459438855', 'tommy7', '$2y$10$lTLAyZkfuDLFpYHECdMiyORjGwoyuDOxebKZuK6G2f6OF2XFX/QSO', '243888', 'commander', '2', '363860', '0', NULL, NULL, NULL, 0, 0, NULL, 'ojCzK3pxoiPdArjrjYmBzt13lssb3FStSwAAPERlKM7OHfEXHtNKXQs', 0, '+1', '226', NULL, NULL),
(350, 'Tommy', 'tommy.woodfin@gmail.com', '9276681669', 'Tommynov14', '$2y$10$Y2BSgSxrhO0dxdhZXLt86uPMf3R6y46ydi5FEISPvItsPxgiLWnI2', '303218', 'commander', '2', '691087', '0', NULL, NULL, NULL, 0, 0, NULL, 'baaROJLg4sjq3r04xmDlO2V40kQIOCG6bJ9ygdkjIiNB4MIdNXK9jx6', 0, '+63', '169', NULL, NULL),
(351, 'Shawn', 'taylor@witnessone.com', '4105075917', 'COMshawn', '$2y$10$SQBPcAIpPRUTf0Aobmh3ruoiBkhgP7AuhPMmTbOoEJGSjd1tHERma', '118379', 'commander', '2', '750482', NULL, NULL, NULL, NULL, 0, 0, NULL, 'r2DRgMWu2bbc6GrrTRYkhQ0Kl7jm61pu4pqqJUDYRVBKowkLfC0NBg0', 0, '+1', '226', NULL, NULL),
(352, 'Taylor Jackson', 'taylor@witnessone.com', '4434862364', 'COMTaylor', '$2y$10$mqtnMM6nfkiQ/wnu3RGqy.ozkfaIXMTIpns5aHN7VfXQHJJhhMUnO', '548810', 'commander', '2', '437522', NULL, NULL, NULL, NULL, 0, 0, NULL, NULL, 0, '+1', '226', NULL, NULL),
(353, 'Tommy', 'tommy.woodfin@gmail.com', '9276681669', 'Tommy15', '$2y$10$9vv7KDmmAT/uSNrSdDiIDOBRkiWfTVrtBtcg7WMxvkQOG6kFR8SW.', '729748', 'commander', '2', '201791', NULL, NULL, NULL, NULL, 0, 0, NULL, 'tKlH1Z3Aw0eEvu8madyJ0WSNYvOibu7r3rBpTKALQnAdFrXres44lG5', 0, '+1', '226', NULL, NULL),
(354, 'Agent Tommy', 'tommy.woodfin@gmail.com', '8459438855', NULL, NULL, '458703', 'agent', '1', NULL, NULL, '350', '', 'xFvpkenaNXZzv7XJ7mOb', 4, 0, '355', 'ITqO9cZ6UUskTbaUdiZqfNYtrGTdIEDvkrbEQcdgrzT1Vilssydoi19', 0, '+1', '226', NULL, NULL),
(355, 'Transport Tommy', 'tommy.woodfin@gmail.com', '8459438855', NULL, NULL, '581259', 'transport', '0', NULL, NULL, '350', '', 'zGQD07HHTcfgxcl8Ifl9', 3, 0, '0', 'F2nDELUmSyiINqaNnWdwLJimfMEL1Qps1NZWX6bCTRQcCyfCkFBjSgD', 0, '+1', '226', NULL, NULL),
(357, 'Tommy Woodfin', 'emmanuel@tbldevs.com', '8459438855', 'tommy10', '$2y$10$.3lGAMiz0DLj5CTGLNM30.cFKXzQ775YXrzf3TUdgufF0Y/Xt2xNq', '603465', 'commander', '2', '744960', '0', NULL, NULL, NULL, 0, 0, NULL, 'S4jRSpAHLoRgk9DqWkXK5m4w9PjgnbfIR1SSN7chQa24sTNFbPgLSpD', 0, '+1', '226', NULL, NULL),
(362, 'Agent 1', 'tommy.woodfin@gmail.com', '8459438855', NULL, NULL, '162848', 'agent', '1', NULL, NULL, '357', '', 'GLvgN7qaD4xhFvdqF6dp', 2, 0, '363', 'WBwfYiugfo4nFUlH8X9pXmCZ7crykvg9ArYOIQGtRpYRkY3cPyKujMI', 0, '+1', '226', NULL, NULL),
(363, 'Tranport 1', 'tommy.woodfin@gmail.com', '8459438855', NULL, NULL, '790723', 'transport', '0', NULL, NULL, '357', '', 'zIw3SI3eHOHJeGKmwCOd', 2, 0, '0', 'ATTNs7oWdZc4pHBHQSPndaSAea3TocmXE82Li7iFtIJcw4L0PBMymso', 0, '+1', '226', NULL, NULL),
(364, 'Shawn', 'Shawn@witnessone.com', '4105075917', 'comshawn14', '$2y$10$G8/cYqCVE0pwL2znpLjbvOH/YnJry05SaJivNRsNU/pghB4ulo45O', '700909', 'commander', '2', '549150', '0', NULL, NULL, NULL, 0, 0, NULL, 'BggQazOanTUUQSRzpmIKwnlLEuXubz0Wk6ZXv8oCxiA7mbwZsLPScev', 0, '+1', '226', NULL, NULL),
(365, 'Taylor Jackson', 'taylor@witnessone.com', '4434862364', 'comtaylor14', '$2y$10$M/0j8qVjVOaQwmKfjz30sO7X0G4QTcu0l.JH2RVVQEqkSm1ogkIx6', '776506', 'commander', '2', '938248', '0', NULL, NULL, NULL, 0, 0, NULL, 'GM0UbMA1H3uw2trpibGIcF8v3s47dkZnvp7KTUj3PJlAGYVU4ACshqW', 0, '+1', '226', NULL, NULL),
(369, 'agenttaylor14', 'taylor@witnessone.com', '4434862364', NULL, NULL, '739543', 'agent', '1', NULL, NULL, '365', NULL, NULL, 0, 0, '371', NULL, 0, '+1', '226', NULL, NULL),
(370, 'transtaylor14', 'taylor@witnessone.com', '4434862364', NULL, NULL, '217704', 'transport', '0', NULL, NULL, '365', NULL, NULL, 0, 0, '0', NULL, 0, '+1', '226', NULL, NULL),
(371, 'TransportShawn2', 'shawn@witnessone.com', '4105075917', NULL, NULL, '700137', 'transport', '0', NULL, NULL, '365', NULL, NULL, 0, 0, '0', NULL, 0, '+1', '226', NULL, NULL),
(375, 'Tommy Woodfin', 'ebmarcilla@gmail.com', '8459438855', 'tommy151', '$2y$10$bXXdvk/EmuJdQUBZruRmYedN4bgH0o6djtLWuKfCul6NdlENJUszi', '239319', 'commander', '2', '818935', '0', NULL, NULL, NULL, 0, 0, NULL, NULL, 0, '+1', '226', NULL, NULL),
(377, 'AgentTommy', 'tommy.woodfin@gmail.com', '8459438855', NULL, NULL, '674856', 'agent', '1', NULL, NULL, '353', NULL, NULL, 0, 0, '378', NULL, 0, '+1', '226', NULL, NULL),
(378, 'Transport Tommy', 'tommy.woodfin@gmail.com', '8459438855', NULL, NULL, '329915', 'transport', '0', NULL, NULL, '353', '', '0aCu8JFAKwBzINN3W464', 2, 0, '0', 'PEsWomeFoa8hcNi9EV4KUiKNcMtYWYl18RzTDPV9t1rZNv8Rp1MIp4m', 0, '+1', '226', NULL, NULL),
(382, 'agenttom1202', 'tommy.woodfin@gmail.com', '8459438855', NULL, NULL, '567383', 'agent', '1', NULL, NULL, '208', '-LOdf_h_QumQTjE7KqpV', 'c2L5bZnbRPZt1JhTtCib', 5, 1, '484', '6NvKVNABHitragppDdROOhmTzCqZzUkqsX4GA4SifBgeoM4JzSHzaQh', 1, '+1', '226', NULL, NULL),
(383, 'transtom1204', 'tommy.woodfin@gmail.com', '8459438855', NULL, NULL, '852083', 'transport', '0', NULL, NULL, '208', '', 'DxPVdFXx516gQr6Z0sfF', 18, 0, '0', 'jwfKubwsqSVnersPY6IkPcEMIQ3zZuCphwZ3c4AZxX6nGnoB0WoYFwa', 1, '+1', '226', NULL, NULL),
(384, 'Agent 2', 'tommy.woodfin@gmail.com', '8459438855', NULL, NULL, '507591', 'agent', '1', NULL, NULL, '208', '', 'exdduATVkDKOTk0bCIpT', 5, 0, '468', 'uZlEISUsi1Yrb3btUKFTpCtqtWPUJmuGSLi9OSnlyA1en0esHlhmfzX', 1, '+63', '169', NULL, NULL),
(385, 'Transport 2', 'tommy.woodfin@gmail.com', '8459438855', NULL, NULL, '526464', 'transport', '0', NULL, NULL, '208', '', 'th2rdBOsgFE0bjPaPgtt', 3, 0, '0', 'mPiq3AAr1KBg4RwGNh0S0yj5WbQdcUzn8CDxAyId8AzQZW43BNbm1sB', 1, '+1', '226', NULL, NULL),
(386, 'transdec09', 'tom@tbldevs.com', '8459438855', NULL, NULL, '970351', 'transport', '0', NULL, NULL, '208', '', '95cCTraWPBfqpBdYzJ0t', 6, 0, '0', 'uc0usBdiZBw8hVEcISrBP3nGG6De0ViWfvfxz7UbHOjnPfsWvSQajc6', 1, '+1', '226', NULL, NULL),
(387, 'agentdec09', 'tommy.woodfin@gmail.com', '8459438855', NULL, NULL, '226253', 'agent', '1', NULL, NULL, '208', '', '4TYFnvRgZHcRmaarWggE', 4, 0, '415', 'rJp0f8EcT9XuaPVC0I9KcUiC8Lx7mOec08MGOcqhUNLGXfQ1BuXYHX3', 1, '+1', '226', NULL, NULL),
(394, 'Karl Milligan', 'kmilligan@patriotsecuritygroup.com', '4104746354', 'Karl', '$2y$10$I1J6lBcTxwXDZ/9fQVrNxesnFYSPW9m095YhbCX8EI.W6kvu81XW2', '231085', 'commander', '2', '734394', '0', NULL, NULL, NULL, 0, 0, NULL, 'MUoKGab92UxHNpziFybFkQ5HdQZ25vZQLbdPSo7EKGA2CSIqgBUK2Or', 0, '+1', '226', '19a46a0947cb28b1004629f9716b3f8578a18925', NULL),
(395, 'Agent Karl', 'kmilligan@patriotsecuritygroup.com', '4104746354', NULL, NULL, '508208', 'agent', '1', NULL, NULL, '394', NULL, NULL, 0, 0, '444', NULL, 0, '+1', '226', NULL, NULL),
(396, 'Transport Karl', 'kmilligan@patriotsecuritygroup.com', '4104746354', NULL, NULL, '757403', 'transport', '0', NULL, NULL, '394', '-LGfNMx5IofsLtCyn3Sh', '4Fr5BMFURRL4Hh8WooPE', 0, 1, '0', 'xt1L7Hlb2QvBIikHDkIuvkFJZBI5lbsQWMDS1kZ0TFxMO6WvcWMD6og', 0, '+1', '226', NULL, NULL),
(397, 'Tommy Woodfin', 'tommy.woodfin@gmail.com', '8459438855', NULL, NULL, '990460', 'transport', '0', NULL, NULL, '394', NULL, NULL, 0, 0, '0', NULL, 0, '+1', '226', NULL, NULL),
(417, 'Thomas Woodfin', 'tommy.woodfin@gmail.com', '8459438855', NULL, NULL, '654816', 'transport', '0', NULL, NULL, '364', '', '6F2eGy2QLTinYRNr1Mhl', 0, 0, '0', '2n7JDCtAdSwZggEcWdiiMCDoXzmJaDAh13V3M5ER45AUo6h2n2QalUM', 0, '+1', '226', NULL, NULL),
(418, 'Commander Shawn', 'Shawn@witnessone.com', '4105075917', 'CommanderShawn', '$2y$10$TNA49lo2JnGmznztavW4Ie8pMUdDzgpiX.U7bKkU3JuTEqTVFpOeW', '488984', 'commander', '2', '586234', '0', NULL, NULL, NULL, 0, 0, NULL, 'GXrKe2ORYGDIRWpZlW3mYRAocG9NKY71lc8CUrY2szX7n5UywlZhkrt', 0, '+1', '226', NULL, NULL),
(419, 'Agent Tommy', 'tom@witnessone.net', '8459438855', NULL, NULL, '740600', 'agent', '1', NULL, NULL, '418', '', 'x7kZH3Xy3Mxo6zH3hm1C', 3, 0, '422', 'OPVsfZV8a2vT1wqw4FPvGKFD48tA5EHG9miyKTmEzEDQzdZ60svcqZ5', 1, '+1', '226', NULL, NULL),
(422, 'Transport 1', 'taylor@314techgroup.com', '4434862364', NULL, NULL, '260805', 'transport', '0', NULL, NULL, '418', '', 'VAknpjlOW5736DdGUEsy', 4, 0, '0', 'nePMF2yQSn8PS7M6HdfAsb3zBtE6wslBoKXolMAlbDlgPoAUTGHys21', 1, '+1', '226', NULL, NULL),
(423, 'Sizer', 'shawn@witnessone.com', '4105075917', NULL, NULL, '556474', 'agent', '1', NULL, NULL, '418', '', 'B9GrGFOu0NipAoXkrd5w', 9, 0, '422', '18RKxq3lj4tyYiCx7dKT2eTmqIiJQ6rJzaeZ0DfLUgR87ec6NbzMc0D', 1, '+1', '226', NULL, NULL),
(424, 'Patriot Security Group', 'tommy.woodfin@gmail.com', '8459438855', 'Tommy12', '$2y$10$pYFcQWdsQWDBeHdS1VdexOttSSyPMuK3Z1BS10dSoXPbIOTVPFF2y', '452461', 'commander', '2', '751983', '0', NULL, NULL, NULL, 0, 0, NULL, 'hb02YhgnsJddliP1vMxdaGabmRSPhvJKXP8sOXDf0w1D5RdG06Nn5Yj', 0, '+1', '226', NULL, NULL),
(437, 'PID', 'taylor@witnessone.com', '4434862364', NULL, NULL, '182680', 'transport', '0', NULL, NULL, '364', '', 'pZYOGJK39IniPSibFFlR', 6, 0, '0', 'S9O0SbnLnFRDHDksi02SbNLhIZxXxx8P2R6qpDKqTCYevCc7JUQYY7n', 0, '+1', '226', NULL, NULL),
(438, 'Shawn Sizer', 'shawn@witnessone.com', '4105075917', NULL, NULL, '623689', 'agent', '1', NULL, NULL, '364', '', 'qN4bozhpm37IJBa2s5Dm', 29, 0, '437', 'RsBrpPglHOw0AMiiXHFbevk2v1gEehhH3TRlRxHidcceEsCQraQZh35', 1, '+1', '226', NULL, NULL),
(440, 'AGENT T', 'tom@witnessone.net', '8459438855', NULL, NULL, '651288', 'agent', '1', NULL, NULL, '394', '-LGi-68LOxYCGOQA-dAx', 'LXCctGWhnMC0dooBAk7a', 2, 1, '397', 'kf83ImDD0wKL3Nd88eaVM6OyoCE8ao4rvxPQ7Kl7chY2HcYU12CIBF6', 0, '+1', '226', NULL, NULL),
(441, 'Jude Rollings', 'jrollings3972@gmail.com', '4105701813', NULL, NULL, '696984', 'transport', '0', NULL, NULL, '394', '', 'n0XmR4qM10KqyaqLuzGs', 12, 0, '0', 'QzSbhutD0y72JdXrBPOHtWBwpQT6R7EXJ9vpcnPHgPEuZ0660AIIc9m', 0, '+1', '226', NULL, NULL),
(443, 'TTTTTT', 'test@gmail.com', '1 08459438855', NULL, NULL, '933093', 'agent', '1', NULL, NULL, '208', NULL, NULL, 0, 0, '385', NULL, 0, '+1', '226', NULL, NULL),
(444, 'Lance Edmond', 'lanceedmond1972@gmail.com', '4434862364', NULL, NULL, '453277', 'transport', '0', NULL, NULL, '394', '', '4BhcGB4sOPl3UWbNxXFY', 9, 0, '0', 'caBWEaJpuLsEgkH8Cw92NURl65CClYUJfnUwpCrMjjKNpV9IWbqiidV', 0, '+1', '226', NULL, NULL),
(445, 'Tom', 'tommy.woodfin@gmail.com', '8459438855', NULL, NULL, '116085', 'agent', '1', NULL, NULL, '208', '', 'dXOeLhxOEBOD0XJdc5hl', 4, 0, '335', 'wNXynbprpupgCBBrDGN0Sie2hEhsXb7PdejJbjqnRC6FdKdJQmrngTy', 1, '+1', '226', NULL, NULL),
(446, 'Thomas Woodfin', 'tommy.woodfin+11@gmail.com', '1234567890', 'tommy101', '$2y$10$Bgk/pGZSF9VTFSg3U88jvuxvFENt/8ewGNqAiP.Oj5DOWILs/6E2O', '910085', 'commander', '2', '404940', '0', NULL, NULL, NULL, 0, 0, NULL, NULL, 0, '+1', '226', NULL, NULL),
(447, 'Thomas Woodfin', 'tommy.woodfin+102@gmail.com', '1234567890', 'tommy102', '$2y$10$LhNd/FLxtgfw/ooEYDFX/eld4Tyd.nGCdcwk1JnFdCZcZU4vgndGO', '748108', 'commander', '2', '885378', '0', NULL, NULL, NULL, 0, 0, NULL, NULL, 0, '+1', '226', NULL, NULL),
(458, 'Test sms', 'raptorss@yopmail.com', '9957608552', NULL, NULL, '856007', 'transport', '0', NULL, NULL, '208', NULL, NULL, 0, 0, '0', NULL, 0, '+63', '169', NULL, NULL),
(462, 'Thomas Transport', 'ebmarcilla@gmail.com', '1234567890', 'thomas101', '$2y$10$cFdKcbAY5TCgyWlG150dDeISRDE5keVfTC66mhD/LlF7uun1cN8fu', '726720', 'transport', '0', NULL, NULL, '208', '', 'Mm8DWqlOY1SJscnpz5nL', 2, 0, '0', 'pEnvm8JTUFMY1B7u8DqmZG9IDkHJRPwgrIYUcAgmSkB5akhOszW43IR', 0, '+1', '226', NULL, NULL),
(463, 'Thomas Agent', 'ebmarcilla@gmail.com', '1234567890', 'thomas102', '$2y$10$VclM/DIU.PvWepJl5m6VGuabCmv5/xmr9JxmakdPrIl5HX0FiLkE6', '634030', 'agent', '1', NULL, NULL, '208', '', 'ZKY8UBhWtArbYiYnJu8W', 7, 0, '477', 'MMSEZd8nsHipUEw661BEbAEK4vzMuNynoalw2H2kejzZ3H0guOvfBta', 0, '+1', '226', NULL, NULL),
(464, 'Tom', 'tommy.woodfin@gmail.com', '8443333222', 'Twoodfin', '$2y$10$oszU7iIBTL4KpCFm6g0qYe.5gOwWuc8wv7xRT4YcniEyEM4PooLNi', '717928', 'transport', '0', NULL, NULL, '208', '', 'IuyvXXwfLv2Nx25bvc1W', 4, 0, '0', 'uGJlpW9QuZxLBwhSXOiXCTuiP1UQoJeZJApfKuQeDEc7HgpQToG4d2s', 0, '+1', '226', NULL, NULL),
(465, 'tommy2', 'Tommy.woodfin@gmail.com', '1234567890', 'twoodfin3', '$2y$10$yn/l6DOyspCrEutXI2pKHOP/snb0NuclNUv2mNEygleqKsSWxx1ey', '170041', 'agent', '1', NULL, NULL, '208', '-LOvEoTWTaKr8-8eeWIk', 'moM3KV8Ryj3AS8OCaQgw', 3, 1, '0', 'R1G8BNnWeGl5wheSNQCy1njQnIaqRQoTw1MqhLIcq07fQq5f6Ct1AA9', 0, '+1', '226', NULL, NULL),
(466, 'Test email', 'michaelangelo.reyes19@gmail.com', '9957608552', 'TestEmail', '$2y$10$UF0Cm4Hc52U7XqdBPFIcH.L.n5beQHAbqCryYHmJcNObyLg.MIcUG', '973925', 'transport', '0', NULL, NULL, '208', NULL, NULL, 0, 0, '0', NULL, 0, '+63', '169', NULL, NULL),
(467, 'Gary Lyles', 'gwl@dcsafeplace.com', '2025805760', 'clusters', '$2y$10$WpstuHIrRwuSC1pdHhXzZO6UB8dCd6iRyRpL4QqqE/HAFhmeS.1Yq', '202837', 'commander', '2', '392947', '0', NULL, NULL, NULL, 0, 0, NULL, '1wYaHF7ctoetI9yOGIS25wZWVojKwCpT48gwANSjG9YLkkUOryOXDlY', 0, '+1', '226', NULL, NULL),
(468, 'Thomas Trans', 'thomas+2@tbltechnerds.com', '1234567890', 'thomas202', '$2y$10$LoDIPFx6bINvADS70SQH7u8i94u5UN.OK82wJx3xcom1mtlbvEG3a', '628836', 'transport', '0', NULL, NULL, '208', '-LOc2Dj09XE-RfPx8Dvr', 'T58a7LdMLVxwgdGjAYZs', 2, 1, '0', 'g8BBu6S2H5A4L87wX38Jc0mJw7lmB4CggeYrKTTV0fjNXFqOALltMYJ', 0, '+1', '226', NULL, '1234567'),
(471, 'Shawn', 'shawn@0321technologies.com', '4105075917', 'shawnt', '$2y$10$8brNPZNLZIZx4z1UiH13ju89DjtcgQUqF1kdniAVUne0t9ruODZIO', '878469', 'transport', '0', NULL, NULL, '128', '', 'ELDJItv47N8ISBqFShPQ', 19, 0, '0', 'sWXK0Mu7BSOqnkSIUlr5P9gTZubNS1xUawWCoLxe2iLpp47MZi5WWUQ', 0, '+1', '226', NULL, '123456'),
(475, 'TEST TRANSPORT', 'TESTTRANS@YOPMAIL.COM', '12345678901', 'TESTTRANS01', '$2y$10$BYzQy74jXRxc.Smm0fpKu.slsh2.w9DXNYzW8eazMFg.zsr/eXoHC', '588553', 'transport', '0', NULL, NULL, '208', '', 'pR2jIEJ1dST3hxAOFcJ8', 3, 0, '0', 'UBLb8fRl1bTONvPE2S3B3Wyo9odYCJ4nKI6zodYzWbplfX33ulrMz8J', 0, '+1', '226', NULL, '123456'),
(477, 'Transport Test', 'ebmarcilla@gmail.com', '1234567890', 'thomas201', '$2y$10$nJUWFnW3aTwrsgue6JXSM.XD3ZlSt5yEOpDVWDCGHraqp284Mr1Wy', '143795', 'transport', '0', NULL, NULL, '208', '', 'gXss3YUSftXqfjSeHEwe', 6, 0, '0', '0qPyz34gf9ane5iPOF9dWoDYQgqPrjhfAjdwjq1vlm9IRJMcIraKwJV', 0, '+1', '226', NULL, '123456'),
(478, 'Shawn', 'shawn@0321technologies.com', '4105075917', 'shawnagent', '$2y$10$BXOsZc20rrFoDISTS8XZFu0VdmE2m0f15zPX3dA0iDS9qScKVeNF2', '690558', 'agent', '1', NULL, NULL, '128', '-LPHFMSmH_gHLP00mSB4', 'NEJMXZdWywUHoiasoU57', 14, 1, '494', '6ZCBl15nzywkSZmFgNN68hrIJrOtkoZrF5FYQgyzgs5a6e4iXZIGPNw', 0, '+1', '226', NULL, '123456'),
(480, 'yamin', 'chumduffy@gmail.com', '15749366178', 'yamin', '$2y$10$5.djXavXVRNEDxdpazORMuGaeD.tw.aRQrBqX90johEtnPmnqXp6K', '668079', 'commander', '2', '356819', '0', NULL, NULL, NULL, 0, 0, NULL, NULL, 0, '+372', '67', NULL, NULL),
(481, 'Thomas Woodfin', 'ebmarcilla+34@gmail.com', '1234567890', 'tommy202', '$2y$10$crEc10LvV2RMfdb3oYLJQeRB4qOPN7Fg.4/qhK0q1mFCagWxy206W', '961353', 'commander', '2', '140815', '0', NULL, NULL, NULL, 0, 0, NULL, NULL, 0, '+1', '226', NULL, NULL),
(482, 'Thomas Woodfin', 'ebmarcilla+35@gmail.com', '1234567890', 'tommy501', '$2y$10$GeOwvVWhI4lNBhzdPyISFO2ieyT4WRZnHzAeQ.dFhLfUqW7hENOU2', '540514', 'commander', '2', '306264', '0', NULL, NULL, NULL, 0, 0, NULL, NULL, 0, '+1', '226', NULL, NULL),
(483, 'Thomas', 'thomaswoodfin@tbldevelopmentfirm.com', '123456789012345', 'Tommy21', '$2y$10$qNbsSIv1Zmqe8wSDHgOF2eamlZhLVcRxJGVkgViW9HYCYoeGjERw.', '724920', 'commander', '2', '920779', '0', NULL, NULL, NULL, 0, 0, NULL, NULL, 0, '+1', '226', NULL, NULL),
(484, 'test mobile digit limit 01', 'testtrans01@yopmail.com', '123123123123123123123123123', 'testmobiledigitlimit01', '$2y$10$CHGTEQL9.okWvTr7Sqt/e.7CpRyCd9fACf63H7cVqjw4OGlr0JIXy', '312953', 'transport', '0', NULL, NULL, '208', NULL, NULL, 0, 0, '0', NULL, 0, '+1', '226', NULL, '123456'),
(485, 'test mobile digit limit 02', 'testagent01@yopmail.com', '12312312312312312312312312', 'testmobiledigitlimit02', '$2y$10$38oAc9PnW53f1.5w29zDVOWb7lx.32dRBXCfAGt59f6wbY6frhUse', '259166', 'agent', '1', NULL, NULL, '208', NULL, NULL, 0, 0, '335', NULL, 0, '+1', '226', NULL, '123456'),
(486, 'Roxroy Taylor', 'payments@swurvin.com', '3478217019', 'roxtaylor15', '$2y$10$DRrahk4pGGt3DUgb3akeDuZfvn0qC1VeGiJad4MA4TSOnYPtHYogq', '770697', 'commander', '2', '231315', '0', NULL, NULL, NULL, 0, 0, NULL, 'rIyrIgNtuxSVgpL7ae5GEmB5RVBf203VPfvI5sI8jSJBtcxm81BuqTd', 0, '+1', '226', NULL, NULL),
(491, 'Tom Woodfin', 'agent+3@email.com', '1234567890', 'agent3', '$2y$10$rPa2pLwCDZf5s7fb6shqQ.DZd9gNbchRQvo6IeImSh5IG6d71IGnC', '500713', 'agent', '1', NULL, NULL, '230', '', 'GDbhqEUxlFYI2zXo3SGB', 6, 0, '499', 'RHlU03IWy2KEXQbAb29Zm4wha3EsUonU5s0UO9rYZEuoWTloQYHy9yJ', 0, '+1', '226', NULL, '123456'),
(492, 'Martin Quevedo', 'mquevedob@gmail.com', '981556420', 'mquevedob', '$2y$10$xGONHNIuJUQLULw6pA8Lwu4M0fqC/jliksntt9MA0wSu37.t9Ax6S', '606664', 'commander', '2', '534849', '0', NULL, NULL, NULL, 0, 0, NULL, 'f9JNlqoigKGDDgD8S3POwAmBX7iVipDldTwFlTeZUmwLJNOguDqjRNp', 0, '+595', '167', NULL, NULL),
(494, 'Shawn ', 'shawn@0321technologies.com', '4105075917', 'shawnt2', '$2y$10$93pyRIQHbM6uzk64rKTDPeluI77y6mcvoh.t74jnmzaqO/Ckb01MS', '466547', 'transport', '0', NULL, NULL, '128', NULL, NULL, 0, 0, '0', NULL, 0, '+1', '226', NULL, '123456'),
(495, 'Tia Sutiarsih ', 'tiasutiarsih97@gmail.com', '+6285211026876', 'Tiasutiarsih97@gmail.com ', '$2y$10$EPIvu/ZGNC.uS7fipI5SHezCejqgDm4GpSVBnbo/tNpaBj8CyuRdi', '197136', 'commander', '2', '577671', '0', NULL, NULL, NULL, 0, 0, NULL, NULL, 0, '+62', '100', NULL, NULL),
(496, 'Tia Sutiarsih ', 'sutiarsih@domain.com', '+6285211026876 ', 'Tia', '$2y$10$CB2NkKaFF9zhTKlMYN3tKeSiwQyUkT5k5Lr9K/o6rcy7Wjzh1oxGi', '228360', 'commander', '2', '440090', '0', NULL, NULL, NULL, 0, 0, NULL, NULL, 0, '+62', '100', NULL, NULL),
(497, 'Sutiarsih ', 'sutiarsih@domain.com', '+6285211026876 ', 'Sri', '$2y$10$si5x4vvO3D9BqsrLkG.NpeLuUuypVuVK7/PIvl4dxmjCZ6XfWe8XK', '395497', 'commander', '2', '940240', '0', NULL, NULL, NULL, 0, 0, NULL, 'tM8nZVWHwbQ0SgxLufmpKfTnCTAhxU6swrSTcn8HQwY6pZnrjmeT7sb', 0, '+1', '226', NULL, NULL),
(498, 'Wijaya', 'akbar@domain.com', '+6285211026876 ', 'Akbar', '$2y$10$LNvtwwhEnnnTmFLjIXFSZOWavlBU/rpqaPcz6ZpKmx3Q2RIMlM2Hy', '140500', 'commander', '2', '704526', '0', NULL, NULL, NULL, 0, 0, NULL, 'ShiG4m5gQ4lzhPbPo78PoU5Yule8gy6oIsmA77oYEtu3wmLdkES1enY', 0, '+62', '100', NULL, NULL),
(499, 'Thomas Woodfin', 'transport+3@email.com', '1234567890', 'transport3', '$2y$10$VYRKaAJb9cdJRNGyyelRMeyfbRp3r7FwS8VevoF.sfrULvCVh.4aS', '701408', 'transport', '0', NULL, NULL, '230', '', 'HUKA4sWWBRKWAqxQnflG', 4, 0, '0', 'nzLu1GfHDlVOZDcTVehj5W2umKjWiQeLS3rKVd0PpIVmjwp6N49n09M', 0, '+1', '226', NULL, '123456'),
(500, 'SEOGor', 'vityanexlebaev8523@mail.ru', '85858964534', 'SEOGor', '$2y$10$mRoBcqiDHvwjL/IWwGEJXeFyLvwq8iFfHtGQ8sJf1Lk1uaZtxmGMe', '196323', 'commander', '2', '270226', '0', NULL, NULL, NULL, 0, 0, NULL, NULL, 0, '+70', '177', NULL, NULL),
(501, 'Policyteam', 'policyteam08@gmail.com', '8839687838', 'Policy', '$2y$10$HbmASkVRj9vYQqd2rGjUV.YObglD/IyvkScdGHlUPJLSfiiPM29tu', '708957', 'commander', '2', '663335', '0', NULL, NULL, NULL, 0, 0, NULL, NULL, 0, '+91', '99', NULL, NULL),
(502, 'Clarky Boy', 'intensity67@gmail.com', '093214738300', 'intensity67', '$2y$10$kMosza4uHdYD/6IBK/1lFuRgCnnVDpySBToW2PG5wFEPexcnIDuS2', '614215', 'commander', '2', '435385', '0', NULL, NULL, NULL, 0, 0, NULL, '9gtEHBepc9DRxOb9RxFTzEtrqy5yw3P1E4sLObttPJcA1L8CnWVzGJO', 0, '+1', '226', NULL, NULL),
(503, 'Somethingas', 'something@yaoho.com', '1231231', 'something', '$2y$10$BqsNrapHB0nHX8H/NlGvVe62aMakm5b8QGgHHxHGR5z7m8OkOL7RS', '723556', 'agent', '1', NULL, NULL, '502', NULL, NULL, 0, 0, '0', NULL, 0, '+1', '226', NULL, '123123');

--
-- Indexes for dumped tables
--

--
-- Indexes for table `alert_detail`
--
ALTER TABLE `alert_detail`
  ADD PRIMARY KEY (`alert_detail_id`);

--
-- Indexes for table `country`
--
ALTER TABLE `country`
  ADD PRIMARY KEY (`id`);

--
-- Indexes for table `tbladministrator`
--
ALTER TABLE `tbladministrator`
  ADD PRIMARY KEY (`fldAdministratorID`);

--
-- Indexes for table `tblsms`
--
ALTER TABLE `tblsms`
  ADD PRIMARY KEY (`fldSMSID`);

--
-- Indexes for table `tbluser`
--
ALTER TABLE `tbluser`
  ADD PRIMARY KEY (`fldUserID`);

--
-- AUTO_INCREMENT for dumped tables
--

--
-- AUTO_INCREMENT for table `alert_detail`
--
ALTER TABLE `alert_detail`
  MODIFY `alert_detail_id` int(11) NOT NULL AUTO_INCREMENT, AUTO_INCREMENT=4794;

--
-- AUTO_INCREMENT for table `country`
--
ALTER TABLE `country`
  MODIFY `id` int(11) NOT NULL AUTO_INCREMENT, AUTO_INCREMENT=240;

--
-- AUTO_INCREMENT for table `tbladministrator`
--
ALTER TABLE `tbladministrator`
  MODIFY `fldAdministratorID` int(10) UNSIGNED NOT NULL AUTO_INCREMENT, AUTO_INCREMENT=3;

--
-- AUTO_INCREMENT for table `tblsms`
--
ALTER TABLE `tblsms`
  MODIFY `fldSMSID` int(10) UNSIGNED NOT NULL AUTO_INCREMENT, AUTO_INCREMENT=122;

--
-- AUTO_INCREMENT for table `tbluser`
--
ALTER TABLE `tbluser`
  MODIFY `fldUserID` int(10) UNSIGNED NOT NULL AUTO_INCREMENT, AUTO_INCREMENT=504;
COMMIT;

/*!40101 SET CHARACTER_SET_CLIENT=@OLD_CHARACTER_SET_CLIENT */;
/*!40101 SET CHARACTER_SET_RESULTS=@OLD_CHARACTER_SET_RESULTS */;
/*!40101 SET COLLATION_CONNECTION=@OLD_COLLATION_CONNECTION */;
